"";"Nom cité dans le texte";"Nom français cité dans le texte";"Nom valide";"INTITULE";"ARRETE";"ARTICLE";"CD_NOM"
"";"Onosma arenaria Waldst. & Kit. ssp. arenaria";"Orcanette des sables";"Onosma arenaria subsp. pyramidata Braun-Blanq., 1917";"Liste des espèces végétales protégées en région Rhône-Alpes";"Arrêté interministériel du 4 décembre 1990 relatif à la liste des espèces végétales protégées en région Rhône-Alpes complétant la liste nationale";"Article 1";"138235"
"";"Achillea tomentosa L.";"Achillée tomentueuse";"Achillea tomentosa L., 1753";"Liste des espèces végétales protégées en région Rhône-Alpes";"Arrêté interministériel du 4 décembre 1990 relatif à la liste des espèces végétales protégées en région Rhône-Alpes complétant la liste nationale";"Article 4";"79939"
"";"Airopsis tenella (Cav.) Asch. et Graebn.";"Airopsis délicat";"Airopsis tenella (Cav.) Coss. & Durieu, 1855";"Liste des espèces végétales protégées en région Rhône-Alpes";"Arrêté interministériel du 4 décembre 1990 relatif à la liste des espèces végétales protégées en région Rhône-Alpes complétant la liste nationale";"Article 1";"971406"
"";"Allium angulosum L.";"Ail à tige anguleuse";"Allium angulosum L., 1753";"Liste des espèces végétales protégées en région Rhône-Alpes";"Arrêté interministériel du 4 décembre 1990 relatif à la liste des espèces végétales protégées en région Rhône-Alpes complétant la liste nationale";"Article 1";"81316"
"";"Allium carinatum L. ssp. pulchellum Bonnier et Layens";"Ail joli";"Allium coloratum Spreng., 1825";"Liste des espèces végétales protégées en région Rhône-Alpes";"Arrêté interministériel du 4 décembre 1990 relatif à la liste des espèces végétales protégées en région Rhône-Alpes complétant la liste nationale";"Article 1";"81347"
"";"Allium scorodoprasum L.";"Ail rocambole";"Allium scorodoprasum L., 1753";"Liste des espèces végétales protégées en région Rhône-Alpes";"Arrêté interministériel du 4 décembre 1990 relatif à la liste des espèces végétales protégées en région Rhône-Alpes complétant la liste nationale";"Article 1";"81510"
"";"Androsace chaixii Gren. et Godron";"Androsace de Chaix";"Androsace chaixii Gren., 1853";"Liste des espèces végétales protégées en région Rhône-Alpes";"Arrêté interministériel du 4 décembre 1990 relatif à la liste des espèces végétales protégées en région Rhône-Alpes complétant la liste nationale";"Article 1";"82492"
"";"Androsace elongata L. ssp. Breistrofferii Charpin & Greuter";"Androsace allongée de Breistroffer";"Androsace elongata L., 1763";"Liste des espèces végétales protégées en région Rhône-Alpes";"Arrêté interministériel du 4 décembre 1990 relatif à la liste des espèces végétales protégées en région Rhône-Alpes complétant la liste nationale";"Article 1";"82498"
"";"Arenaria purpurascens Ramond ex DC.";"Sabline pourprée";"Arenaria purpurascens Ramond ex DC., 1805";"Liste des espèces végétales protégées en région Rhône-Alpes";"Arrêté interministériel du 4 décembre 1990 relatif à la liste des espèces végétales protégées en région Rhône-Alpes complétant la liste nationale";"Article 1";"83638"
"";"Artemisia campestris L. ssp. borealis (Pallas) H.M. Hall & Clements";"Armoise boréale";"Artemisia borealis Pall., 1776";"Liste des espèces végétales protégées en région Rhône-Alpes";"Arrêté interministériel du 4 décembre 1990 relatif à la liste des espèces végétales protégées en région Rhône-Alpes complétant la liste nationale";"Article 1";"83951"
"";"Artemisia eriantha Ten.";"Genépi à fleurs cotonneuses";"Artemisia eriantha Ten., 1831";"Liste des espèces végétales protégées en région Rhône-Alpes";"Arrêté interministériel du 4 décembre 1990 relatif à la liste des espèces végétales protégées en région Rhône-Alpes complétant la liste nationale";"Article 3";"83969"
"";"Asperula jordanii Perr. et Song.";"Aspérule de Jordan";"Asperula aristata subsp. oreophila (Briq.) Hayek, 1924";"Liste des espèces végétales protégées en région Rhône-Alpes";"Arrêté interministériel du 4 décembre 1990 relatif à la liste des espèces végétales protégées en région Rhône-Alpes complétant la liste nationale";"Article 1";"131762"
"";"Asplenium cuneifolium Viv.";"Asplenium à feuilles en coin";"Asplenium cuneifolium Viv., 1808 subsp. cuneifolium";"Liste des espèces végétales protégées en région Rhône-Alpes";"Arrêté interministériel du 4 décembre 1990 relatif à la liste des espèces végétales protégées en région Rhône-Alpes complétant la liste nationale";"Article 1";"161077"
"";"Asplenium cuneifolium Viv.";"Asplenium à feuilles en coin";"Asplenium cuneifolium Viv., 1808";"Liste des espèces végétales protégées en région Rhône-Alpes";"Arrêté interministériel du 4 décembre 1990 relatif à la liste des espèces végétales protégées en région Rhône-Alpes complétant la liste nationale";"Article 1";"84476"
"";"Biscutella arvernensis Jordan";"Lunetière d'Auvergne";"Biscutella arvernensis Jord., 1864";"Liste des espèces végétales protégées en région Rhône-Alpes";"Arrêté interministériel du 4 décembre 1990 relatif à la liste des espèces végétales protégées en région Rhône-Alpes complétant la liste nationale";"Article 1";"86017"
"";"Biscutella brevicaulis Jordan";"Lunetière à tige courte";"Biscutella brevicaulis Jord., 1864";"Liste des espèces végétales protégées en région Rhône-Alpes";"Arrêté interministériel du 4 décembre 1990 relatif à la liste des espèces végétales protégées en région Rhône-Alpes complétant la liste nationale";"Article 1";"86021"
"";"Biscutella cichoriifolia Loisel.";"Lunetière à feuille de chicorée";"Biscutella cichoriifolia Loisel., 1810";"Liste des espèces végétales protégées en région Rhône-Alpes";"Arrêté interministériel du 4 décembre 1990 relatif à la liste des espèces végétales protégées en région Rhône-Alpes complétant la liste nationale";"Article 1";"86025"
"";"Bombycilaena erecta (L.) Smolj.";"Micropus dressé";"Bombycilaena erecta (L.) Smoljan., 1955";"Liste des espèces végétales protégées en région Rhône-Alpes";"Arrêté interministériel du 4 décembre 1990 relatif à la liste des espèces végétales protégées en région Rhône-Alpes complétant la liste nationale";"Article 1";"86136"
"";"Butomus umbellatus L.";"Jonc fleuri";"Butomus umbellatus L., 1753";"Liste des espèces végétales protégées en région Rhône-Alpes";"Arrêté interministériel du 4 décembre 1990 relatif à la liste des espèces végétales protégées en région Rhône-Alpes complétant la liste nationale";"Article 1";"87136"
"";"Calamagrostis canescens (Weber) Roth.";"Calamagrostide blanchâtre";"Calamagrostis canescens (Weber) Roth, 1789 subsp. canescens";"Liste des espèces végétales protégées en région Rhône-Alpes";"Arrêté interministériel du 4 décembre 1990 relatif à la liste des espèces végétales protégées en région Rhône-Alpes complétant la liste nationale";"Article 1";"132377"
"";"Calamagrostis canescens (Weber) Roth.";"Calamagrostide blanchâtre";"Calamagrostis canescens (Weber) Roth, 1789";"Liste des espèces végétales protégées en région Rhône-Alpes";"Arrêté interministériel du 4 décembre 1990 relatif à la liste des espèces végétales protégées en région Rhône-Alpes complétant la liste nationale";"Article 1";"87218"
"";"Cardamine asarifolia L.";"Cardamine à feuilles d'Asaret";"Cardamine asarifolia L., 1753";"Liste des espèces végétales protégées en région Rhône-Alpes";"Arrêté interministériel du 4 décembre 1990 relatif à la liste des espèces végétales protégées en région Rhône-Alpes complétant la liste nationale";"Article 1";"87897"
"";"Cardamine plumieri Villars";"Cardamine de Plumier";"Cardamine plumieri Vill., 1779";"Liste des espèces végétales protégées en région Rhône-Alpes";"Arrêté interministériel du 4 décembre 1990 relatif à la liste des espèces végétales protégées en région Rhône-Alpes complétant la liste nationale";"Article 1";"87963"
"";"Carex appropinquata Schumacher";"Laiche paradoxale";"Carex appropinquata Schumach., 1801";"Liste des espèces végétales protégées en région Rhône-Alpes";"Arrêté interministériel du 4 décembre 1990 relatif à la liste des espèces végétales protégées en région Rhône-Alpes complétant la liste nationale";"Article 1";"88344"
"";"Carex bohemica Schreber";"Laiche de Bohème";"Carex bohemica Schreb., 1772";"Liste des espèces végétales protégées en région Rhône-Alpes";"Arrêté interministériel du 4 décembre 1990 relatif à la liste des espèces végétales protégées en région Rhône-Alpes complétant la liste nationale";"Article 1";"88387"
"";"Carex brevicollis DC.";"Laiche à bec court";"Carex brevicollis DC., 1815";"Liste des espèces végétales protégées en région Rhône-Alpes";"Arrêté interministériel du 4 décembre 1990 relatif à la liste des espèces végétales protégées en région Rhône-Alpes complétant la liste nationale";"Article 1";"88391"
"";"Carex depauperata Curtis ex With.";"Laiche appauvrie";"Carex depauperata Curtis ex With., 1787";"Liste des espèces végétales protégées en région Rhône-Alpes";"Arrêté interministériel du 4 décembre 1990 relatif à la liste des espèces végétales protégées en région Rhône-Alpes complétant la liste nationale";"Article 1";"88465"
"";"Carex diandra Schrank";"Laiche à deux étamines";"Carex diandra Schrank, 1781";"Liste des espèces végétales protégées en région Rhône-Alpes";"Arrêté interministériel du 4 décembre 1990 relatif à la liste des espèces végétales protégées en région Rhône-Alpes complétant la liste nationale";"Article 3";"88468"
"";"Carex diandra Schrank";"Laiche arrondie";"Carex diandra Schrank, 1781";"Liste des espèces végétales protégées en région Rhône-Alpes";"Arrêté interministériel du 4 décembre 1990 relatif à la liste des espèces végétales protégées en région Rhône-Alpes complétant la liste nationale";"Article 4";"88468"
"";"Carex fimbriata Schkuhr";"Laiche fimbriée";"Carex fimbriata Schkuhr, 1806";"Liste des espèces végétales protégées en région Rhône-Alpes";"Arrêté interministériel du 4 décembre 1990 relatif à la liste des espèces végétales protégées en région Rhône-Alpes complétant la liste nationale";"Article 1";"88508"
"";"Carex lachenalii Schkuhr";"Laiche de Lachenal";"Carex lachenalii Schkuhr, 1801 subsp. lachenalii";"Liste des espèces végétales protégées en région Rhône-Alpes";"Arrêté interministériel du 4 décembre 1990 relatif à la liste des espèces végétales protégées en région Rhône-Alpes complétant la liste nationale";"Article 1";"612426"
"";"Carex lachenalii Schkuhr";"Laiche de Lachenal";"Carex lachenalii Schkuhr, 1801 [nom. cons.]";"Liste des espèces végétales protégées en région Rhône-Alpes";"Arrêté interministériel du 4 décembre 1990 relatif à la liste des espèces végétales protégées en région Rhône-Alpes complétant la liste nationale";"Article 1";"88606"
"";"Carex lasiocarpa Ehrh.";"Laiche à fruit velu";"Carex lasiocarpa Ehrh., 1784 subsp. lasiocarpa";"Liste des espèces végétales protégées en région Rhône-Alpes";"Arrêté interministériel du 4 décembre 1990 relatif à la liste des espèces végétales protégées en région Rhône-Alpes complétant la liste nationale";"Article 1";"960921"
"";"Carex lasiocarpa Ehrh.";"Laiche à fruit velu";"Carex lasiocarpa Ehrh., 1784";"Liste des espèces végétales protégées en région Rhône-Alpes";"Arrêté interministériel du 4 décembre 1990 relatif à la liste des espèces végétales protégées en région Rhône-Alpes complétant la liste nationale";"Article 1";"88614"
"";"Carex maritima Gunnerus";"Laiche maritime";"Carex maritima Gunnerus, 1772";"Liste des espèces végétales protégées en région Rhône-Alpes";"Arrêté interministériel du 4 décembre 1990 relatif à la liste des espèces végétales protégées en région Rhône-Alpes complétant la liste nationale";"Article 1";"88662"
"";"Carex melanostachya Bieb. ex Willd.";"Laiche à épi noir";"Carex melanostachya M.Bieb. ex Willd., 1805";"Liste des espèces végétales protégées en région Rhône-Alpes";"Arrêté interministériel du 4 décembre 1990 relatif à la liste des espèces végétales protégées en région Rhône-Alpes complétant la liste nationale";"Article 1";"88669"
"";"Carex pauciflora Lighft.";"Laiche pauciflore";"Carex pauciflora Lightf., 1777";"Liste des espèces végétales protégées en région Rhône-Alpes";"Arrêté interministériel du 4 décembre 1990 relatif à la liste des espèces végétales protégées en région Rhône-Alpes complétant la liste nationale";"Article 1";"88762"
"";"Carex pseudocyperus L.";"Laiche faux souchet";"Carex pseudocyperus L., 1753";"Liste des espèces végétales protégées en région Rhône-Alpes";"Arrêté interministériel du 4 décembre 1990 relatif à la liste des espèces végétales protégées en région Rhône-Alpes complétant la liste nationale";"Article 2";"88794"
"";"Carex pseudocyperus L.";"Laiche faux souchet";"Carex pseudocyperus L., 1753";"Liste des espèces végétales protégées en région Rhône-Alpes";"Arrêté interministériel du 4 décembre 1990 relatif à la liste des espèces végétales protégées en région Rhône-Alpes complétant la liste nationale";"Article 5";"88794"
"";"Carpesium cernuum L.";"Carpésium penché";"Carpesium cernuum L., 1753";"Liste des espèces végétales protégées en région Rhône-Alpes";"Arrêté interministériel du 4 décembre 1990 relatif à la liste des espèces végétales protégées en région Rhône-Alpes complétant la liste nationale";"Article 1";"89195"
"";"Cerinthe glabra Miller ssp. glabra";"Melinet glabre";"Cerinthe glabra Mill., 1768 subsp. glabra";"Liste des espèces végétales protégées en région Rhône-Alpes";"Arrêté interministériel du 4 décembre 1990 relatif à la liste des espèces végétales protégées en région Rhône-Alpes complétant la liste nationale";"Article 3";"133172"
"";"Chamaespartium saggitale (L.) P. Gibbs ssp. delphinense Verlot";"Genêt ailé du Dauphiné";"Genista delphinensis Verl., 1872";"Liste des espèces végétales protégées en région Rhône-Alpes";"Arrêté interministériel du 4 décembre 1990 relatif à la liste des espèces végétales protégées en région Rhône-Alpes complétant la liste nationale";"Article 1";"99741"
"";"Chamorchis alpina L.C.M. Richard";"Orchis nain des Alpes";"Chamorchis alpina (L.) Rich., 1817";"Liste des espèces végétales protégées en région Rhône-Alpes";"Arrêté interministériel du 4 décembre 1990 relatif à la liste des espèces végétales protégées en région Rhône-Alpes complétant la liste nationale";"Article 1";"90561"
"";"Cicendia filiformis (L.) Delarbre";"Cicendie filiforme";"Cicendia filiformis (L.) Delarbre, 1800";"Liste des espèces végétales protégées en région Rhône-Alpes";"Arrêté interministériel du 4 décembre 1990 relatif à la liste des espèces végétales protégées en région Rhône-Alpes complétant la liste nationale";"Article 1";"91132"
"";"Cirsium erisithales (Jacq.) Scop.";"Cirse érisithale";"Cirsium erisithales (Jacq.) Scop., 1769";"Liste des espèces végétales protégées en région Rhône-Alpes";"Arrêté interministériel du 4 décembre 1990 relatif à la liste des espèces végétales protégées en région Rhône-Alpes complétant la liste nationale";"Article 4";"91328"
"";"Cirsium helenioides (L.) Hill";"Cirse faux hélénium";"Cirsium heterophyllum (L.) Hill, 1768";"Liste des espèces végétales protégées en région Rhône-Alpes";"Arrêté interministériel du 4 décembre 1990 relatif à la liste des espèces végétales protégées en région Rhône-Alpes complétant la liste nationale";"Article 1";"91346"
"";"Cirsium monspessulanum (L.) Hill";"Cirse de Montpellier";"Cirsium monspessulanum (L.) Hill, 1768 subsp. monspessulanum";"Liste des espèces végétales protégées en région Rhône-Alpes";"Arrêté interministériel du 4 décembre 1990 relatif à la liste des espèces végétales protégées en région Rhône-Alpes complétant la liste nationale";"Article 1";"133332"
"";"Cirsium monspessulanum (L.) Hill";"Cirse de Montpellier";"Cirsium monspessulanum (L.) Hill, 1768";"Liste des espèces végétales protégées en région Rhône-Alpes";"Arrêté interministériel du 4 décembre 1990 relatif à la liste des espèces végétales protégées en région Rhône-Alpes complétant la liste nationale";"Article 1";"91369"
"";"Cistanthemum X revoli Coste & Soulié";"Cistanthème de Revol";"Cistus x revolii nothosubsp. revolii H.J.Coste & Soulié, 1921";"Liste des espèces végétales protégées en région Rhône-Alpes";"Arrêté interministériel du 4 décembre 1990 relatif à la liste des espèces végétales protégées en région Rhône-Alpes complétant la liste nationale";"Article 1";"612434"
"";"Cistanthemum X revoli Coste & Soulié";"Cistanthème de Revol";"Cistus x revolii H.J.Coste & Soulié, 1921";"Liste des espèces végétales protégées en région Rhône-Alpes";"Arrêté interministériel du 4 décembre 1990 relatif à la liste des espèces végétales protégées en région Rhône-Alpes complétant la liste nationale";"Article 1";"91790"
"";"Convolvulus cantabrica L.";"Liseron des monts Cantabriques";"Convolvulus cantabrica L., 1753";"Liste des espèces végétales protégées en région Rhône-Alpes";"Arrêté interministériel du 4 décembre 1990 relatif à la liste des espèces végétales protégées en région Rhône-Alpes complétant la liste nationale";"Article 2";"92308"
"";"Cynoglossum germanicum Jacq.";"Cynoglosse d'Allemagne";"Cynoglossum germanicum Jacq., 1767";"Liste des espèces végétales protégées en région Rhône-Alpes";"Arrêté interministériel du 4 décembre 1990 relatif à la liste des espèces végétales protégées en région Rhône-Alpes complétant la liste nationale";"Article 1";"93830"
"";"Cyperus michelianus (L.) Link";"Souchet de Michel";"Cyperus michelianus (L.) Delile, 1813";"Liste des espèces végétales protégées en région Rhône-Alpes";"Arrêté interministériel du 4 décembre 1990 relatif à la liste des espèces végétales protégées en région Rhône-Alpes complétant la liste nationale";"Article 1";"888128"
"";"Cytisus decumbens (Durande) Spach";"Cytise retombant";"Cytisus decumbens (Durande) Spach, 1845";"Liste des espèces végétales protégées en région Rhône-Alpes";"Arrêté interministériel du 4 décembre 1990 relatif à la liste des espèces végétales protégées en région Rhône-Alpes complétant la liste nationale";"Article 1";"94111"
"";"Cytisus sauzeanus Burnat et Briq.";"Cytise de Sauze";"Cytisus ardoinoi subsp. sauzeanus (Bumat & Briq.) Auvray, 2013";"Liste des espèces végétales protégées en région Rhône-Alpes";"Arrêté interministériel du 4 décembre 1990 relatif à la liste des espèces végétales protégées en région Rhône-Alpes complétant la liste nationale";"Article 1";"810955"
"";"Dactylorhiza traunsteineri (Sauter) Soo";"Orchis de Traunsteiner";"Dactylorhiza traunsteineri (Saut. ex Rchb.) Soó, 1962";"Liste des espèces végétales protégées en région Rhône-Alpes";"Arrêté interministériel du 4 décembre 1990 relatif à la liste des espèces végétales protégées en région Rhône-Alpes complétant la liste nationale";"Article 1";"94287"
"";"Daphne cneorum L.";"Daphné camelé";"Daphne cneorum L., 1753";"Liste des espèces végétales protégées en région Rhône-Alpes";"Arrêté interministériel du 4 décembre 1990 relatif à la liste des espèces végétales protégées en région Rhône-Alpes complétant la liste nationale";"Article 1";"94423"
"";"Delphinium dubium (Rouy & Fouc.) Pawl.";"Pied d'alouette douteux";"Delphinium dubium (Rouy & Foucaud) Pawl., 1934";"Liste des espèces végétales protégées en région Rhône-Alpes";"Arrêté interministériel du 4 décembre 1990 relatif à la liste des espèces végétales protégées en région Rhône-Alpes complétant la liste nationale";"Article 1";"94578"
"";"Delphinium elatum L.";"Pied d'alouette élevé";"Delphinium elatum subsp. helveticum Pawł., 1934";"Liste des espèces végétales protégées en région Rhône-Alpes";"Arrêté interministériel du 4 décembre 1990 relatif à la liste des espèces végétales protégées en région Rhône-Alpes complétant la liste nationale";"Article 1";"133766"
"";"Delphinium elatum L.";"Pied d'alouette élevé";"Delphinium elatum L., 1753";"Liste des espèces végétales protégées en région Rhône-Alpes";"Arrêté interministériel du 4 décembre 1990 relatif à la liste des espèces végétales protégées en région Rhône-Alpes complétant la liste nationale";"Article 1";"94579"
"";"Delphinium fissum Waldst. et Kit.";"Pied d'alouette fendu";"Delphinium fissum Waldst. & Kit., 1802 subsp. fissum";"Liste des espèces végétales protégées en région Rhône-Alpes";"Arrêté interministériel du 4 décembre 1990 relatif à la liste des espèces végétales protégées en région Rhône-Alpes complétant la liste nationale";"Article 1";"133773"
"";"Delphinium fissum Waldst. et Kit.";"Pied d'alouette fendu";"Delphinium fissum Waldst. & Kit., 1802";"Liste des espèces végétales protégées en région Rhône-Alpes";"Arrêté interministériel du 4 décembre 1990 relatif à la liste des espèces végétales protégées en région Rhône-Alpes complétant la liste nationale";"Article 1";"94580"
"";"Dianthus gratianopolitanus Vill.";"Oeillet de Grenoble";"Dianthus gratianopolitanus Vill., 1789";"Liste des espèces végétales protégées en région Rhône-Alpes";"Arrêté interministériel du 4 décembre 1990 relatif à la liste des espèces végétales protégées en région Rhône-Alpes complétant la liste nationale";"Article 1";"94756"
"";"Dictamnus albus L.";"Fraxinelle blanche";"Dictamnus albus L., 1753";"Liste des espèces végétales protégées en région Rhône-Alpes";"Arrêté interministériel du 4 décembre 1990 relatif à la liste des espèces végétales protégées en région Rhône-Alpes complétant la liste nationale";"Article 1";"94923"
"";"Doronicum clusii (All.) Tausch";"Doronic de Clusius";"Doronicum clusii (All.) Tausch, 1828";"Liste des espèces végétales protégées en région Rhône-Alpes";"Arrêté interministériel du 4 décembre 1990 relatif à la liste des espèces végétales protégées en région Rhône-Alpes complétant la liste nationale";"Article 1";"95215"
"";"Elatine alsinastrum L.";"Elatine faux alsine";"Elatine alsinastrum L., 1753";"Liste des espèces végétales protégées en région Rhône-Alpes";"Arrêté interministériel du 4 décembre 1990 relatif à la liste des espèces végétales protégées en région Rhône-Alpes complétant la liste nationale";"Article 1";"95847"
"";"Eleocharis ovata (Roth) Roemer & Schultes";"Scirpe ovale";"Eleocharis ovata (Roth) Roem. & Schult., 1817";"Liste des espèces végétales protégées en région Rhône-Alpes";"Arrêté interministériel du 4 décembre 1990 relatif à la liste des espèces végétales protégées en région Rhône-Alpes complétant la liste nationale";"Article 1";"95919"
"";"Empetrum nigrum L. ssp. hermaphroditum (Hagerup) Böcher";"Camarine hermaphrodite";"Empetrum nigrum subsp. hermaphroditum (Hagerup) Böcher, 1952";"Liste des espèces végétales protégées en région Rhône-Alpes";"Arrêté interministériel du 4 décembre 1990 relatif à la liste des espèces végétales protégées en région Rhône-Alpes complétant la liste nationale";"Article 4";"134095"
"";"Ephedra distachya L.";"Ephèdre de Suisse";"Ephedra distachya L., 1753 subsp. distachya";"Liste des espèces végétales protégées en région Rhône-Alpes";"Arrêté interministériel du 4 décembre 1990 relatif à la liste des espèces végétales protégées en région Rhône-Alpes complétant la liste nationale";"Article 1";"134101"
"";"Ephedra distachya L.";"Ephèdre de Suisse";"Ephedra distachya subsp. helvetica (C.A.Mey.) Asch. & Graebn., 1897";"Liste des espèces végétales protégées en région Rhône-Alpes";"Arrêté interministériel du 4 décembre 1990 relatif à la liste des espèces végétales protégées en région Rhône-Alpes complétant la liste nationale";"Article 1";"718346"
"";"Ephedra distachya L.";"Ephèdre de Suisse";"Ephedra distachya L., 1753";"Liste des espèces végétales protégées en région Rhône-Alpes";"Arrêté interministériel du 4 décembre 1990 relatif à la liste des espèces végétales protégées en région Rhône-Alpes complétant la liste nationale";"Article 1";"96101"
"";"Epipactis microphylla (Ehrh.) Swartz";"Epipactis à petites feuilles";"Epipactis microphylla (Ehrh.) Sw., 1800";"Liste des espèces végétales protégées en région Rhône-Alpes";"Arrêté interministériel du 4 décembre 1990 relatif à la liste des espèces végétales protégées en région Rhône-Alpes complétant la liste nationale";"Article 1";"96454"
"";"Erica herbacea L.";"Bruyère des neiges";"Erica carnea L., 1753 [nom. cons.]";"Liste des espèces végétales protégées en région Rhône-Alpes";"Arrêté interministériel du 4 décembre 1990 relatif à la liste des espèces végétales protégées en région Rhône-Alpes complétant la liste nationale";"Article 1";"96664"
"";"Euphorbia palustris L.";"Euphorbe des marais";"Euphorbia palustris L., 1753";"Liste des espèces végétales protégées en région Rhône-Alpes";"Arrêté interministériel du 4 décembre 1990 relatif à la liste des espèces végétales protégées en région Rhône-Alpes complétant la liste nationale";"Article 1";"97601"
"";"Exaculum pusillum (Lam.) Caruel";"Cicendie fluette";"Exaculum pusillum (Lam.) Caruel, 1886";"Liste des espèces végétales protégées en région Rhône-Alpes";"Arrêté interministériel du 4 décembre 1990 relatif à la liste des espèces végétales protégées en région Rhône-Alpes complétant la liste nationale";"Article 1";"97904"
"";"Festuca pulchella Schrader";"Fétuque joli";"Leucopoa pulchella (Schrad.) H.Scholz & Foggi, 2005 subsp. pulchella";"Liste des espèces végétales protégées en région Rhône-Alpes";"Arrêté interministériel du 4 décembre 1990 relatif à la liste des espèces végétales protégées en région Rhône-Alpes complétant la liste nationale";"Article 1";"718376"
"";"Festuca pulchella Schrader";"Fétuque joli";"Leucopoa pulchella subsp. jurana (Gren.) H.Scholz & Foggi, 2005";"Liste des espèces végétales protégées en région Rhône-Alpes";"Arrêté interministériel du 4 décembre 1990 relatif à la liste des espèces végétales protégées en région Rhône-Alpes complétant la liste nationale";"Article 1";"718375"
"";"Festuca pulchella Schrader";"Fétuque joli";"Leucopoa pulchella (Schrad.) H.Scholz & Foggi, 2005";"Liste des espèces végétales protégées en région Rhône-Alpes";"Arrêté interministériel du 4 décembre 1990 relatif à la liste des espèces végétales protégées en région Rhône-Alpes complétant la liste nationale";"Article 1";"717786"
"";"Festuca valesiaca Schleicher ex Gaudin";"Fétuque du Valais";"Festuca valesiaca Schleich. ex Gaudin, 1811";"Liste des espèces végétales protégées en région Rhône-Alpes";"Arrêté interministériel du 4 décembre 1990 relatif à la liste des espèces végétales protégées en région Rhône-Alpes complétant la liste nationale";"Article 1";"98596"
"";"Fritillaria meleagris L.";"Fritillaire pintade";"Fritillaria meleagris L., 1753";"Liste des espèces végétales protégées en région Rhône-Alpes";"Arrêté interministériel du 4 décembre 1990 relatif à la liste des espèces végétales protégées en région Rhône-Alpes complétant la liste nationale";"Article 1";"98977"
"";"Gentiana pneumonanthe L.";"Gentiane pneumonanthe";"Gentiana pneumonanthe L., 1753";"Liste des espèces végétales protégées en région Rhône-Alpes";"Arrêté interministériel du 4 décembre 1990 relatif à la liste des espèces végétales protégées en région Rhône-Alpes complétant la liste nationale";"Article 3";"99922"
"";"Gentiana pneumonanthe L.";"Gentiane pneumonanthe";"Gentiana pneumonanthe L., 1753";"Liste des espèces végétales protégées en région Rhône-Alpes";"Arrêté interministériel du 4 décembre 1990 relatif à la liste des espèces végétales protégées en région Rhône-Alpes complétant la liste nationale";"Article 5";"99922"
"";"Gymnadenia odoratissima (L.) L.C.M. Richard";"Gymnadenie odorante";"Gymnadenia odoratissima (L.) Rich., 1817";"Liste des espèces végétales protégées en région Rhône-Alpes";"Arrêté interministériel du 4 décembre 1990 relatif à la liste des espèces végétales protégées en région Rhône-Alpes complétant la liste nationale";"Article 1";"100614"
"";"Herminium monorchis (L.) R. Br.";"Herminium à un bulbe";"Herminium monorchis (L.) R.Br., 1813";"Liste des espèces végétales protégées en région Rhône-Alpes";"Arrêté interministériel du 4 décembre 1990 relatif à la liste des espèces végétales protégées en région Rhône-Alpes complétant la liste nationale";"Article 1";"101315"
"";"Himantoglossum hircinum (L.) Sprengel";"Orchis bouc";"Himantoglossum hircinum (L.) Spreng., 1826";"Liste des espèces végétales protégées en région Rhône-Alpes";"Arrêté interministériel du 4 décembre 1990 relatif à la liste des espèces végétales protégées en région Rhône-Alpes complétant la liste nationale";"Article 4";"102797"
"";"Horminum pyrenaicum L.";"Hormin des Pyrénées";"Horminum pyrenaicum L., 1753";"Liste des espèces végétales protégées en région Rhône-Alpes";"Arrêté interministériel du 4 décembre 1990 relatif à la liste des espèces végétales protégées en région Rhône-Alpes complétant la liste nationale";"Article 1";"103012"
"";"Hottonia palustris L.";"Hottonie des marais";"Hottonia palustris L., 1753";"Liste des espèces végétales protégées en région Rhône-Alpes";"Arrêté interministériel du 4 décembre 1990 relatif à la liste des espèces végétales protégées en région Rhône-Alpes complétant la liste nationale";"Article 1";"103027"
"";"Huperzia selago (L.) Schrank & C.F.P. Mart.";"Lycopode sélagine";"Huperzia selago (L.) Bernh. ex Schrank & Mart., 1829 subsp. selago";"Liste des espèces végétales protégées en région Rhône-Alpes";"Arrêté interministériel du 4 décembre 1990 relatif à la liste des espèces végétales protégées en région Rhône-Alpes complétant la liste nationale";"Article 4";"136696"
"";"Huperzia selago (L.) Schrank & C.F.P. Mart.";"Lycopode sélagine";"Huperzia selago (L.) Bernh. ex Schrank & Mart., 1829";"Liste des espèces végétales protégées en région Rhône-Alpes";"Arrêté interministériel du 4 décembre 1990 relatif à la liste des espèces végétales protégées en région Rhône-Alpes complétant la liste nationale";"Article 4";"103034"
"";"Hyacinthoides italica (L.) Rothm.";"Scille d'Italie";"Hyacinthoides italica (L.) Rothm., 1944";"Liste des espèces végétales protégées en région Rhône-Alpes";"Arrêté interministériel du 4 décembre 1990 relatif à la liste des espèces végétales protégées en région Rhône-Alpes complétant la liste nationale";"Article 1";"103056"
"";"Hydrocharis morsus ranae L.";"Hydrocharis morène";"Hydrocharis morsus-ranae L., 1753";"Liste des espèces végétales protégées en région Rhône-Alpes";"Arrêté interministériel du 4 décembre 1990 relatif à la liste des espèces végétales protégées en région Rhône-Alpes complétant la liste nationale";"Article 1";"103120"
"";"Hydrocotyle vulgaris L.";"Ecuelle d'eau";"Hydrocotyle vulgaris L., 1753";"Liste des espèces végétales protégées en région Rhône-Alpes";"Arrêté interministériel du 4 décembre 1990 relatif à la liste des espèces végétales protégées en région Rhône-Alpes complétant la liste nationale";"Article 1";"103142"
"";"Hymenolobus procumbens (L.) Nutt ex Torrey & Gray";"Capselle couchée";"Hornungia procumbens (L.) Hayek, 1925";"Liste des espèces végétales protégées en région Rhône-Alpes";"Arrêté interministériel du 4 décembre 1990 relatif à la liste des espèces végétales protégées en région Rhône-Alpes complétant la liste nationale";"Article 1";"103020"
"";"Hypericum androsaemum L.";"Millepertuis Androsème";"Hypericum androsaemum L., 1753";"Liste des espèces végétales protégées en région Rhône-Alpes";"Arrêté interministériel du 4 décembre 1990 relatif à la liste des espèces végétales protégées en région Rhône-Alpes complétant la liste nationale";"Article 1";"103245"
"";"Iberis intermedia Guersent ssp. timeroyi (Jordan) Rouy & Fouc.";"Iberis de Timeroy";"Iberis timeroyi Jord., 1847";"Liste des espèces végétales protégées en région Rhône-Alpes";"Arrêté interministériel du 4 décembre 1990 relatif à la liste des espèces végétales protégées en région Rhône-Alpes complétant la liste nationale";"Article 1";"103501"
"";"Illecebrum verticillatum L.";"Illécèbre verticillé";"Illecebrum verticillatum L., 1753";"Liste des espèces végétales protégées en région Rhône-Alpes";"Arrêté interministériel du 4 décembre 1990 relatif à la liste des espèces végétales protégées en région Rhône-Alpes complétant la liste nationale";"Article 1";"103536"
"";"Inula britannica L.";"Inule d'Angleterre";"Inula britannica L., 1753";"Liste des espèces végétales protégées en région Rhône-Alpes";"Arrêté interministériel du 4 décembre 1990 relatif à la liste des espèces végétales protégées en région Rhône-Alpes complétant la liste nationale";"Article 1";"103598"
"";"Inula helvetica Weber";"Inule de Suisse";"Inula helvetica Weber, 1784";"Liste des espèces végétales protégées en région Rhône-Alpes";"Arrêté interministériel du 4 décembre 1990 relatif à la liste des espèces végétales protégées en région Rhône-Alpes complétant la liste nationale";"Article 1";"103628"
"";"Iris lutescens Lam. ssp. lutescens";"Iris nain";"Iris lutescens Lam., 1789 subsp. lutescens";"Liste des espèces végétales protégées en région Rhône-Alpes";"Arrêté interministériel du 4 décembre 1990 relatif à la liste des espèces végétales protégées en région Rhône-Alpes complétant la liste nationale";"Article 1";"136857"
"";"Juncus anceps Laharpe";"Jonc aplati";"Juncus anceps Laharpe, 1827";"Liste des espèces végétales protégées en région Rhône-Alpes";"Arrêté interministériel du 4 décembre 1990 relatif à la liste des espèces végétales protégées en région Rhône-Alpes complétant la liste nationale";"Article 1";"104115"
"";"Juncus arcticus Willd.";"Jonc arctique";"Juncus arcticus Willd., 1799";"Liste des espèces végétales protégées en région Rhône-Alpes";"Arrêté interministériel du 4 décembre 1990 relatif à la liste des espèces végétales protégées en région Rhône-Alpes complétant la liste nationale";"Article 1";"104123"
"";"Juniperus thurifera L.";"Genévrier thurifère";"Juniperus thurifera L., 1753";"Liste des espèces végétales protégées en région Rhône-Alpes";"Arrêté interministériel du 4 décembre 1990 relatif à la liste des espèces végétales protégées en région Rhône-Alpes complétant la liste nationale";"Article 1";"104419"
"";"Knautia godetii Reuter";"Knautie de Godet";"Knautia godetii Reut., 1857";"Liste des espèces végétales protégées en région Rhône-Alpes";"Arrêté interministériel du 4 décembre 1990 relatif à la liste des espèces végétales protégées en région Rhône-Alpes complétant la liste nationale";"Article 1";"104532"
"";"Kobresia simpliciuscula (Wahlenb.) Makensie";"Kobresie simple";"Carex simpliciuscula Wahlenb., 1803";"Liste des espèces végétales protégées en région Rhône-Alpes";"Arrêté interministériel du 4 décembre 1990 relatif à la liste des espèces végétales protégées en région Rhône-Alpes complétant la liste nationale";"Article 1";"88871"
"";"Kochia laniflora (S.G. Gmelin) Bordas";"Kochia à fleurs laineuses";"Bassia laniflora (S.G.Gmel.) A.J.Scott, 1978";"Liste des espèces végétales protégées en région Rhône-Alpes";"Arrêté interministériel du 4 décembre 1990 relatif à la liste des espèces végétales protégées en région Rhône-Alpes complétant la liste nationale";"Article 1";"85628"
"";"Koeleria cenisia Reuter ex Reverchon";"Koelerie du Mont Cenis";"Koeleria cenisia Reut. ex E.Rev., 1873";"Liste des espèces végétales protégées en région Rhône-Alpes";"Arrêté interministériel du 4 décembre 1990 relatif à la liste des espèces végétales protégées en région Rhône-Alpes complétant la liste nationale";"Article 1";"104613"
"";"Lappula deflexa (Wahlenb.) Gur.";"Bardanette réfléchie";"Hackelia deflexa (Wahlenb.) Opiz, 1838";"Liste des espèces végétales protégées en région Rhône-Alpes";"Arrêté interministériel du 4 décembre 1990 relatif à la liste des espèces végétales protégées en région Rhône-Alpes complétant la liste nationale";"Article 1";"100702"
"";"Laserpitium prutenicum L.";"Laser de Prusse";"Laserpitium prutenicum L., 1753 subsp. prutenicum";"Liste des espèces végétales protégées en région Rhône-Alpes";"Arrêté interministériel du 4 décembre 1990 relatif à la liste des espèces végétales protégées en région Rhône-Alpes complétant la liste nationale";"Article 1";"137107"
"";"Laserpitium prutenicum L.";"Laser de Prusse";"Laserpitium prutenicum subsp. dufourianum (Rouy & E.G.Camus) Braun-Blanq., 1929";"Liste des espèces végétales protégées en région Rhône-Alpes";"Arrêté interministériel du 4 décembre 1990 relatif à la liste des espèces végétales protégées en région Rhône-Alpes complétant la liste nationale";"Article 1";"137106"
"";"Laserpitium prutenicum L.";"Laser de Prusse";"Laserpitium prutenicum L., 1753";"Liste des espèces végétales protégées en région Rhône-Alpes";"Arrêté interministériel du 4 décembre 1990 relatif à la liste des espèces végétales protégées en région Rhône-Alpes complétant la liste nationale";"Article 1";"105086"
"";"Lathyrus palustris L.";"Gesse des marais";"Lathyrus palustris L., 1753 subsp. palustris";"Liste des espèces végétales protégées en région Rhône-Alpes";"Arrêté interministériel du 4 décembre 1990 relatif à la liste des espèces végétales protégées en région Rhône-Alpes complétant la liste nationale";"Article 1";"137139"
"";"Lathyrus palustris L.";"Gesse des marais";"Lathyrus palustris L., 1753";"Liste des espèces végétales protégées en région Rhône-Alpes";"Arrêté interministériel du 4 décembre 1990 relatif à la liste des espèces végétales protégées en région Rhône-Alpes complétant la liste nationale";"Article 1";"105239"
"";"Lemna trisulca L.";"Lentille d'eau à trois sillons";"Lemna trisulca L., 1753";"Liste des espèces végétales protégées en région Rhône-Alpes";"Arrêté interministériel du 4 décembre 1990 relatif à la liste des espèces végétales protégées en région Rhône-Alpes complétant la liste nationale";"Article 5";"105441"
"";"Leonurus cardiaca L.";"Agripaume cardiaque";"Leonurus cardiaca L., 1753";"Liste des espèces végétales protégées en région Rhône-Alpes";"Arrêté interministériel du 4 décembre 1990 relatif à la liste des espèces végétales protégées en région Rhône-Alpes complétant la liste nationale";"Article 1";"105548"
"";"Limosella aquatica L.";"Limoselle aquatique";"Limosella aquatica L., 1753";"Liste des espèces végétales protégées en région Rhône-Alpes";"Arrêté interministériel du 4 décembre 1990 relatif à la liste des espèces végétales protégées en région Rhône-Alpes complétant la liste nationale";"Article 1";"106128"
"";"Lindernia procumbens (Krocker) Philcox";"Lindernie couchée";"Lindernia procumbens (Krock.) Philcox, 1965";"Liste des espèces végétales protégées en région Rhône-Alpes";"Arrêté interministériel du 4 décembre 1990 relatif à la liste des espèces végétales protégées en région Rhône-Alpes complétant la liste nationale";"Article 1";"106258"
"";"Litorella uniflora (L.) Ascherson";"Litorelle à une fleur";"Littorella uniflora (L.) Asch., 1864";"Liste des espèces végétales protégées en région Rhône-Alpes";"Arrêté interministériel du 4 décembre 1990 relatif à la liste des espèces végétales protégées en région Rhône-Alpes complétant la liste nationale";"Article 1";"106419"
"";"Logfia minima (Sm.) Dumort.";"Cotonnière naine";"Logfia minima (Sm.) Dumort., 1827";"Liste des espèces végétales protégées en région Rhône-Alpes";"Arrêté interministériel du 4 décembre 1990 relatif à la liste des espèces végétales protégées en région Rhône-Alpes complétant la liste nationale";"Article 5";"106451"
"";"Ludwigia palustris (L.) Elliot";"Isnardie des marais";"Ludwigia palustris (L.) Elliott, 1817";"Liste des espèces végétales protégées en région Rhône-Alpes";"Arrêté interministériel du 4 décembre 1990 relatif à la liste des espèces végétales protégées en région Rhône-Alpes complétant la liste nationale";"Article 1";"106747"
"";"Lychnis alpina L.";"Lychnis des Alpes";"Viscaria alpina (L.) G.Don, 1831";"Liste des espèces végétales protégées en région Rhône-Alpes";"Arrêté interministériel du 4 décembre 1990 relatif à la liste des espèces végétales protégées en région Rhône-Alpes complétant la liste nationale";"Article 1";"129898"
"";"Lycopodium clavatum L.";"Lycopode en massue";"Lycopodium clavatum L., 1753";"Liste des espèces végétales protégées en région Rhône-Alpes";"Arrêté interministériel du 4 décembre 1990 relatif à la liste des espèces végétales protégées en région Rhône-Alpes complétant la liste nationale";"Article 4";"107003"
"";"Lythrum hyssopifolia L.";"Lythrum à feuilles d'Hysope";"Lythrum hyssopifolia L., 1753";"Liste des espèces végétales protégées en région Rhône-Alpes";"Arrêté interministériel du 4 décembre 1990 relatif à la liste des espèces végétales protégées en région Rhône-Alpes complétant la liste nationale";"Article 1";"107106"
"";"Matthiola fruticulosa (L.) Maire ssp. valesiaca (Gay ex Gaudin) P.W. Ball";"Matthiole buissonnante du Valais";"Matthiola valesiaca J.Gay ex Boiss., 1867";"Liste des espèces végétales protégées en région Rhône-Alpes";"Arrêté interministériel du 4 décembre 1990 relatif à la liste des espèces végétales protégées en région Rhône-Alpes complétant la liste nationale";"Article 1";"107509"
"";"Meconopsis cambrica (L.) Vig.";"Pavot du Pays de Galle";"Papaver cambricum L., 1753";"Liste des espèces végétales protégées en région Rhône-Alpes";"Arrêté interministériel du 4 décembre 1990 relatif à la liste des espèces végétales protégées en région Rhône-Alpes complétant la liste nationale";"Article 1";"112293"
"";"Minuartia laricifolia (L.) Schinz & Thell. ssp. diomedis";"Minuartie à feuilles de Mélèze, sous-espèce de Diomède";"Cherleria laricifolia subsp. diomedis (Braun-Blanq.) A.J.Moore & Dillenb., 2017";"Liste des espèces végétales protégées en région Rhône-Alpes";"Arrêté interministériel du 4 décembre 1990 relatif à la liste des espèces végétales protégées en région Rhône-Alpes complétant la liste nationale";"Article 1";"1000311"
"";"Moneses uniflora (L.) A. Gray";"Pyrole uniflore, Pyrole à une fleur";"Moneses uniflora (L.) A.Gray, 1848";"Liste des espèces végétales protégées en région Rhône-Alpes";"Arrêté interministériel du 4 décembre 1990 relatif à la liste des espèces végétales protégées en région Rhône-Alpes complétant la liste nationale";"Article 2";"108755"
"";"Moneses uniflora (L.) A. Gray";"Pyrole à une fleur";"Moneses uniflora (L.) A.Gray, 1848";"Liste des espèces végétales protégées en région Rhône-Alpes";"Arrêté interministériel du 4 décembre 1990 relatif à la liste des espèces végétales protégées en région Rhône-Alpes complétant la liste nationale";"Article 4";"108755"
"";"Myosotis balbisiana Jordan.";"Myosotis de Balbis";"Myosotis balbisiana Jord., 1852";"Liste des espèces végétales protégées en région Rhône-Alpes";"Arrêté interministériel du 4 décembre 1990 relatif à la liste des espèces végétales protégées en région Rhône-Alpes complétant la liste nationale";"Article 1";"109001"
"";"Najas marina L.";"Naïade marine";"Najas marina L., 1753 subsp. marina";"Liste des espèces végétales protégées en région Rhône-Alpes";"Arrêté interministériel du 4 décembre 1990 relatif à la liste des espèces végétales protégées en région Rhône-Alpes complétant la liste nationale";"Article 1";"137968"
"";"Najas marina L.";"Naïade marine";"Najas marina subsp. armata (H.Lindb.) Horn, 1952";"Liste des espèces végétales protégées en région Rhône-Alpes";"Arrêté interministériel du 4 décembre 1990 relatif à la liste des espèces végétales protégées en région Rhône-Alpes complétant la liste nationale";"Article 1";"137965"
"";"Najas marina L.";"Naïade marine";"Najas marina subsp. intermedia (Wolfg. ex Gorski) Casper, 1979";"Liste des espèces végétales protégées en région Rhône-Alpes";"Arrêté interministériel du 4 décembre 1990 relatif à la liste des espèces végétales protégées en région Rhône-Alpes complétant la liste nationale";"Article 1";"137966"
"";"Najas marina L.";"Naïade marine";"Najas marina L., 1753";"Liste des espèces végétales protégées en région Rhône-Alpes";"Arrêté interministériel du 4 décembre 1990 relatif à la liste des espèces végétales protégées en région Rhône-Alpes complétant la liste nationale";"Article 1";"109213"
"";"Najas minor All.";"Petite Naïade";"Najas minor All., 1773";"Liste des espèces végétales protégées en région Rhône-Alpes";"Arrêté interministériel du 4 décembre 1990 relatif à la liste des espèces végétales protégées en région Rhône-Alpes complétant la liste nationale";"Article 1";"109215"
"";"Oenanthe fistulosa L.";"Oenanthe fistuleuse";"Oenanthe fistulosa L., 1753";"Liste des espèces végétales protégées en région Rhône-Alpes";"Arrêté interministériel du 4 décembre 1990 relatif à la liste des espèces végétales protégées en région Rhône-Alpes complétant la liste nationale";"Article 1";"109869"
"";"Oenanthe silaifolia Bieb.";"Oenanthe à feuilles de Silaum";"Oenanthe silaifolia M.Bieb., 1819";"Liste des espèces végétales protégées en région Rhône-Alpes";"Arrêté interministériel du 4 décembre 1990 relatif à la liste des espèces végétales protégées en région Rhône-Alpes complétant la liste nationale";"Article 1";"109898"
"";"Omphalodes linifolia (L.) Moench";"Omphalodes à feuilles de lin";"Iberodes linifolia (L.) M.Serrano, R.Carbajal & S.Ortiz, 2016";"Liste des espèces végétales protégées en région Rhône-Alpes";"Arrêté interministériel du 4 décembre 1990 relatif à la liste des espèces végétales protégées en région Rhône-Alpes complétant la liste nationale";"Article 1";"983577"
"";"Onobrychis arenaria (Kit.) DC.";"Sainfoin des sables";"Onobrychis arenaria (Kit. ex Willd.) DC., 1825 subsp. arenaria";"Liste des espèces végétales protégées en région Rhône-Alpes";"Arrêté interministériel du 4 décembre 1990 relatif à la liste des espèces végétales protégées en région Rhône-Alpes complétant la liste nationale";"Article 1";"138166"
"";"Onobrychis arenaria (Kit.) DC.";"Sainfoin des sables";"Onobrychis arenaria (Kit. ex Willd.) DC., 1825";"Liste des espèces végétales protégées en région Rhône-Alpes";"Arrêté interministériel du 4 décembre 1990 relatif à la liste des espèces végétales protégées en région Rhône-Alpes complétant la liste nationale";"Article 1";"110108"
"";"Ophioglossum vulgatum L.";"Langue de serpent";"Ophioglossum vulgatum L., 1753";"Liste des espèces végétales protégées en région Rhône-Alpes";"Arrêté interministériel du 4 décembre 1990 relatif à la liste des espèces végétales protégées en région Rhône-Alpes complétant la liste nationale";"Article 1";"110313"
"";"Orchis laxiflora Lam.";"Orchis à fleurs lâches";"Anacamptis laxiflora (Lam.) R.M.Bateman, Pridgeon & M.W.Chase, 1997";"Liste des espèces végétales protégées en région Rhône-Alpes";"Arrêté interministériel du 4 décembre 1990 relatif à la liste des espèces végétales protégées en région Rhône-Alpes complétant la liste nationale";"Article 1";"82283"
"";"Orchis tridentata Scop.";"Orchis à trois dents";"Neotinea tridentata (Scop.) R.M.Bateman, Pridgeon & M.W.Chase, 1997";"Liste des espèces végétales protégées en région Rhône-Alpes";"Arrêté interministériel du 4 décembre 1990 relatif à la liste des espèces végétales protégées en région Rhône-Alpes complétant la liste nationale";"Article 1";"162206"
"";"Ornithogalum nutans L.";"Ornithogale penchée";"Honorius nutans (Sm.) Gray, 1821";"Liste des espèces végétales protégées en région Rhône-Alpes";"Arrêté interministériel du 4 décembre 1990 relatif à la liste des espèces végétales protégées en région Rhône-Alpes complétant la liste nationale";"Article 1";"102930"
"";"Orobanche alsatica Kirschleger";"Orobanche d'Alsace";"Orobanche alsatica Kirschl., 1836";"Liste des espèces végétales protégées en région Rhône-Alpes";"Arrêté interministériel du 4 décembre 1990 relatif à la liste des espèces végétales protégées en région Rhône-Alpes complétant la liste nationale";"Article 1";"111452"
"";"Orobanche arenaria Borkh";"Orobanche des sables";"Phelipanche arenaria (Borkh.) Pomel, 1874";"Liste des espèces végétales protégées en région Rhône-Alpes";"Arrêté interministériel du 4 décembre 1990 relatif à la liste des espèces végétales protégées en région Rhône-Alpes complétant la liste nationale";"Article 1";"113090"
"";"Osmunda regalis L.";"Osmonde royale";"Osmunda regalis L., 1753 var. regalis";"Liste des espèces végétales protégées en région Rhône-Alpes";"Arrêté interministériel du 4 décembre 1990 relatif à la liste des espèces végétales protégées en région Rhône-Alpes complétant la liste nationale";"Article 2";"970784"
"";"Osmunda regalis L.";"Osmonde royale";"Osmunda regalis L., 1753";"Liste des espèces végétales protégées en région Rhône-Alpes";"Arrêté interministériel du 4 décembre 1990 relatif à la liste des espèces végétales protégées en région Rhône-Alpes complétant la liste nationale";"Article 2";"111815"
"";"Oxytropis foetida (Vill.) DC.";"Astragale foetide";"Oxytropis fetida (Vill.) DC., 1802";"Liste des espèces végétales protégées en région Rhône-Alpes";"Arrêté interministériel du 4 décembre 1990 relatif à la liste des espèces végétales protégées en région Rhône-Alpes complétant la liste nationale";"Article 1";"111976"
"";"Peucedanum carvifolia Vill.";"Peucédan à feuille de Carvi";"Dichoropetalum carvifolia (Vill.) Pimenov & Kljuykov, 2007";"Liste des espèces végétales protégées en région Rhône-Alpes";"Arrêté interministériel du 4 décembre 1990 relatif à la liste des espèces végétales protégées en région Rhône-Alpes complétant la liste nationale";"Article 1";"717749"
"";"Peucedanum officinale L.";"Peucédan officinal";"Peucedanum officinale L., 1753 subsp. officinale";"Liste des espèces végétales protégées en région Rhône-Alpes";"Arrêté interministériel du 4 décembre 1990 relatif à la liste des espèces végétales protégées en région Rhône-Alpes complétant la liste nationale";"Article 1";"138667"
"";"Peucedanum officinale L.";"Peucédan officinal";"Peucedanum officinale L., 1753 var. officinale";"Liste des espèces végétales protégées en région Rhône-Alpes";"Arrêté interministériel du 4 décembre 1990 relatif à la liste des espèces végétales protégées en région Rhône-Alpes complétant la liste nationale";"Article 1";"613154"
"";"Peucedanum officinale L.";"Peucédan officinal";"Peucedanum officinale var. catalaunicum (Pau) Reduron, 2008";"Liste des espèces végétales protégées en région Rhône-Alpes";"Arrêté interministériel du 4 décembre 1990 relatif à la liste des espèces végétales protégées en région Rhône-Alpes complétant la liste nationale";"Article 1";"613558"
"";"Peucedanum officinale L.";"Peucédan officinal";"Peucedanum officinale L., 1753";"Liste des espèces végétales protégées en région Rhône-Alpes";"Arrêté interministériel du 4 décembre 1990 relatif à la liste des espèces végétales protégées en région Rhône-Alpes complétant la liste nationale";"Article 1";"112868"
"";"Peucedanum palustre (L.) Moench";"Peucédan des marais";"Thysselinum palustre (L.) Hoffm., 1814";"Liste des espèces végétales protégées en région Rhône-Alpes";"Arrêté interministériel du 4 décembre 1990 relatif à la liste des espèces végétales protégées en région Rhône-Alpes complétant la liste nationale";"Article 1";"126615"
"";"Phyteuma charmelii Villars";"Raiponce de Charmeil";"Phyteuma charmelii Vill., 1787";"Liste des espèces végétales protégées en région Rhône-Alpes";"Arrêté interministériel du 4 décembre 1990 relatif à la liste des espèces végétales protégées en région Rhône-Alpes complétant la liste nationale";"Article 1";"113367"
"";"Pinguicula grandiflora Lam.";"Grassette à grandes fleurs";"Pinguicula grandiflora Lam., 1789";"Liste des espèces végétales protégées en région Rhône-Alpes";"Arrêté interministériel du 4 décembre 1990 relatif à la liste des espèces végétales protégées en région Rhône-Alpes complétant la liste nationale";"Article 1";"113620"
"";"Poa glauca Vahl.";"Paturin glauque";"Poa glauca Vahl, 1790";"Liste des espèces végétales protégées en région Rhône-Alpes";"Arrêté interministériel du 4 décembre 1990 relatif à la liste des espèces végétales protégées en région Rhône-Alpes complétant la liste nationale";"Article 1";"114226"
"";"Poa palustris L.";"Paturin des marais";"Poa palustris L., 1759";"Liste des espèces végétales protégées en région Rhône-Alpes";"Arrêté interministériel du 4 décembre 1990 relatif à la liste des espèces végétales protégées en région Rhône-Alpes complétant la liste nationale";"Article 1";"114312"
"";"Potamogeton acutifolius Link";"Potamot à feuilles pointues";"Potamogeton acutifolius Link, 1818";"Liste des espèces végétales protégées en région Rhône-Alpes";"Arrêté interministériel du 4 décembre 1990 relatif à la liste des espèces végétales protégées en région Rhône-Alpes complétant la liste nationale";"Article 1";"115226"
"";"Potamogeton alpinus Balb.";"Potamot des Alpes";"Potamogeton alpinus Balb., 1804";"Liste des espèces végétales protégées en région Rhône-Alpes";"Arrêté interministériel du 4 décembre 1990 relatif à la liste des espèces végétales protégées en région Rhône-Alpes complétant la liste nationale";"Article 1";"115228"
"";"Potamogeton filiformis Pers.";"Potamot filiforme";"Stuckenia filiformis (Pers.) Börner, 1912";"Liste des espèces végétales protégées en région Rhône-Alpes";"Arrêté interministériel du 4 décembre 1990 relatif à la liste des espèces végétales protégées en région Rhône-Alpes complétant la liste nationale";"Article 1";"717572"
"";"Potamogeton praelongus Wulfen";"Potamot allongé";"Potamogeton praelongus Wulfen, 1805";"Liste des espèces végétales protégées en région Rhône-Alpes";"Arrêté interministériel du 4 décembre 1990 relatif à la liste des espèces végétales protégées en région Rhône-Alpes complétant la liste nationale";"Article 1";"115302"
"";"Potentilla nivea L.";"Potentille blanche";"Potentilla nivea L., 1753 [nom. et typ. cons.]";"Liste des espèces végétales protégées en région Rhône-Alpes";"Arrêté interministériel du 4 décembre 1990 relatif à la liste des espèces végétales protégées en région Rhône-Alpes complétant la liste nationale";"Article 1";"115574"
"";"Pulsatilla rubra (Lam.) Delarbre";"Pulsatille rouge";"Pulsatilla rubra (Lam.) Delarbre, 1800 var. rubra";"Liste des espèces végétales protégées en région Rhône-Alpes";"Arrêté interministériel du 4 décembre 1990 relatif à la liste des espèces végétales protégées en région Rhône-Alpes complétant la liste nationale";"Article 1";"150342"
"";"Pulsatilla rubra (Lam.) Delarbre";"Pulsatille rouge";"Pulsatilla rubra var. serotina (H.J.Coste) Aichele & Schwegler, 1957";"Liste des espèces végétales protégées en région Rhône-Alpes";"Arrêté interministériel du 4 décembre 1990 relatif à la liste des espèces végétales protégées en région Rhône-Alpes complétant la liste nationale";"Article 1";"150343"
"";"Pulsatilla rubra (Lam.) Delarbre";"Pulsatille rouge";"Pulsatilla rubra (Lam.) Delarbre, 1800";"Liste des espèces végétales protégées en région Rhône-Alpes";"Arrêté interministériel du 4 décembre 1990 relatif à la liste des espèces végétales protégées en région Rhône-Alpes complétant la liste nationale";"Article 1";"116456"
"";"Pyrola chlorantha Swartz";"Pyrole verdâtre";"Pyrola chlorantha Sw., 1810";"Liste des espèces végétales protégées en région Rhône-Alpes";"Arrêté interministériel du 4 décembre 1990 relatif à la liste des espèces végétales protégées en région Rhône-Alpes complétant la liste nationale";"Article 1";"116531"
"";"Pyrola media Swartz";"Pyrole intermédiaire";"Pyrola media Sw., 1804";"Liste des espèces végétales protégées en région Rhône-Alpes";"Arrêté interministériel du 4 décembre 1990 relatif à la liste des espèces végétales protégées en région Rhône-Alpes complétant la liste nationale";"Article 1";"116542"
"";"Ranunculus gramineus L.";"Renoncule à feuilles de graminée";"Ranunculus gramineus L., 1753";"Liste des espèces végétales protégées en région Rhône-Alpes";"Arrêté interministériel du 4 décembre 1990 relatif à la liste des espèces végétales protégées en région Rhône-Alpes complétant la liste nationale";"Article 2";"117049"
"";"Ranunculus sceleratus L.";"Renoncule scélérate";"Ranunculus sceleratus L., 1753 subsp. sceleratus";"Liste des espèces végétales protégées en région Rhône-Alpes";"Arrêté interministériel du 4 décembre 1990 relatif à la liste des espèces végétales protégées en région Rhône-Alpes complétant la liste nationale";"Article 1";"139802"
"";"Ranunculus sceleratus L.";"Renoncule scélérate";"Ranunculus sceleratus L., 1753";"Liste des espèces végétales protégées en région Rhône-Alpes";"Arrêté interministériel du 4 décembre 1990 relatif à la liste des espèces végétales protégées en région Rhône-Alpes complétant la liste nationale";"Article 1";"117224"
"";"Reseda jacquinii Reichenb.";"Réséda de Jacquin";"Reseda jacquinii Rchb., 1824";"Liste des espèces végétales protégées en région Rhône-Alpes";"Arrêté interministériel du 4 décembre 1990 relatif à la liste des espèces végétales protégées en région Rhône-Alpes complétant la liste nationale";"Article 1";"117452"
"";"Rhynchospora alba (L.) Vahl.";"Rhynchospore blanc";"Rhynchospora alba (L.) Vahl, 1805";"Liste des espèces végétales protégées en région Rhône-Alpes";"Arrêté interministériel du 4 décembre 1990 relatif à la liste des espèces végétales protégées en région Rhône-Alpes complétant la liste nationale";"Article 1";"117731"
"";"Rumex maritimus L.";"Oseille maritime";"Rumex maritimus L., 1753";"Liste des espèces végétales protégées en région Rhône-Alpes";"Arrêté interministériel du 4 décembre 1990 relatif à la liste des espèces végétales protégées en région Rhône-Alpes complétant la liste nationale";"Article 1";"119533"
"";"Salix bicolor Willd.";"Saule bicolore";"Salix bicolor Willd., 1796";"Liste des espèces végétales protégées en région Rhône-Alpes";"Arrêté interministériel du 4 décembre 1990 relatif à la liste des espèces végétales protégées en région Rhône-Alpes complétant la liste nationale";"Article 1";"119959"
"";"Salix glaucosericea B. Flod.";"Saule glauque";"Salix glaucosericea Flod., 1943";"Liste des espèces végétales protégées en région Rhône-Alpes";"Arrêté interministériel du 4 décembre 1990 relatif à la liste des espèces végétales protégées en région Rhône-Alpes complétant la liste nationale";"Article 1";"120048"
"";"Salvia aethiopis L.";"Sauge d'Ethiopie";"Salvia aethiopis L., 1753";"Liste des espèces végétales protégées en région Rhône-Alpes";"Arrêté interministériel du 4 décembre 1990 relatif à la liste des espèces végétales protégées en région Rhône-Alpes complétant la liste nationale";"Article 1";"120619"
"";"Saussurea discolor (Willd.) DC.";"Saussurée discolore";"Saussurea discolor (Willd.) DC., 1810";"Liste des espèces végétales protégées en région Rhône-Alpes";"Arrêté interministériel du 4 décembre 1990 relatif à la liste des espèces végétales protégées en région Rhône-Alpes complétant la liste nationale";"Article 1";"120951"
"";"Saxifraga clusii Gouan";"Saxifrage de Clusius";"Micranthes clusii (Gouan) B.Bock, 2012";"Liste des espèces végétales protégées en région Rhône-Alpes";"Arrêté interministériel du 4 décembre 1990 relatif à la liste des espèces végétales protégées en région Rhône-Alpes complétant la liste nationale";"Article 1";"717309"
"";"Saxifraga cotyledon L.";"Saxifrage cotyledon";"Saxifraga cotyledon L., 1753";"Liste des espèces végétales protégées en région Rhône-Alpes";"Arrêté interministériel du 4 décembre 1990 relatif à la liste des espèces végétales protégées en région Rhône-Alpes complétant la liste nationale";"Article 1";"121024"
"";"Saxifraga diapensioides Bellardi";"Saxifrage fausse diapensie";"Saxifraga diapensioides Bellardi, 1792";"Liste des espèces végétales protégées en région Rhône-Alpes";"Arrêté interministériel du 4 décembre 1990 relatif à la liste des espèces végétales protégées en région Rhône-Alpes complétant la liste nationale";"Article 1";"121039"
"";"Saxifraga pedemontana All. ssp. prostii (Sternb.) D.A. Webb.";"Saxifrage de Prost";"Saxifraga prostii Sternb., 1831";"Liste des espèces végétales protégées en région Rhône-Alpes";"Arrêté interministériel du 4 décembre 1990 relatif à la liste des espèces végétales protégées en région Rhône-Alpes complétant la liste nationale";"Article 1";"121156"
"";"Saxifraga seguieri Sprengel";"Saxifrage de Séguier";"Saxifraga seguieri Spreng., 1807";"Liste des espèces végétales protégées en région Rhône-Alpes";"Arrêté interministériel du 4 décembre 1990 relatif à la liste des espèces végétales protégées en région Rhône-Alpes complétant la liste nationale";"Article 1";"121184"
"";"Scabiosa canescens Waldst. & Kit.";"Scabieuse blanchâtre";"Scabiosa canescens Waldst. & Kit., 1802";"Liste des espèces végétales protégées en région Rhône-Alpes";"Arrêté interministériel du 4 décembre 1990 relatif à la liste des espèces végétales protégées en région Rhône-Alpes complétant la liste nationale";"Article 1";"121329"
"";"Scirpus hudsonianus (Michx) Fernald";"Scirpe de Hudson";"Trichophorum alpinum (L.) Pers., 1805";"Liste des espèces végétales protégées en région Rhône-Alpes";"Arrêté interministériel du 4 décembre 1990 relatif à la liste des espèces végétales protégées en région Rhône-Alpes complétant la liste nationale";"Article 1";"127191"
"";"Scirpus mucronatus L.";"Scirpe mucroné";"Schoenoplectiella mucronata (L.) J.Jung & H.K.Choi, 2010";"Liste des espèces végétales protégées en région Rhône-Alpes";"Arrêté interministériel du 4 décembre 1990 relatif à la liste des espèces végétales protégées en région Rhône-Alpes complétant la liste nationale";"Article 1";"976160"
"";"Scirpus supinus L.";"Scirpe couché";"Schoenoplectiella supina (L.) Lye, 2003";"Liste des espèces végétales protégées en région Rhône-Alpes";"Arrêté interministériel du 4 décembre 1990 relatif à la liste des espèces végétales protégées en région Rhône-Alpes complétant la liste nationale";"Article 1";"976153"
"";"Scorzonera humilis L.";"Scorsonère des prés";"Scorzonera humilis L., 1753";"Liste des espèces végétales protégées en région Rhône-Alpes";"Arrêté interministériel du 4 décembre 1990 relatif à la liste des espèces végétales protégées en région Rhône-Alpes complétant la liste nationale";"Article 2";"121960"
"";"Scutellaria hastifolia L.";"Scutellaire hastée";"Scutellaria hastifolia L., 1753";"Liste des espèces végétales protégées en région Rhône-Alpes";"Arrêté interministériel du 4 décembre 1990 relatif à la liste des espèces végétales protégées en région Rhône-Alpes complétant la liste nationale";"Article 1";"122070"
"";"Scutellaria minor Hudson";"Petite scutellaire";"Scutellaria minor Huds., 1762";"Liste des espèces végétales protégées en région Rhône-Alpes";"Arrêté interministériel du 4 décembre 1990 relatif à la liste des espèces végétales protégées en région Rhône-Alpes complétant la liste nationale";"Article 1";"122073"
"";"Sedum villosum L.";"Orpin velu";"Sedum villosum L., 1753";"Liste des espèces végétales protégées en région Rhône-Alpes";"Arrêté interministériel du 4 décembre 1990 relatif à la liste des espèces végétales protégées en région Rhône-Alpes complétant la liste nationale";"Article 1";"122281"
"";"Selaginella helvetica (L.) Spring";"Sélaginelle helvétique";"Selaginella helvetica (L.) Spring, 1838";"Liste des espèces végétales protégées en région Rhône-Alpes";"Arrêté interministériel du 4 décembre 1990 relatif à la liste des espèces végétales protégées en région Rhône-Alpes complétant la liste nationale";"Article 1";"122305"
"";"Sempervivum X fauconnettii Reuter";"Joubarbe de Fauconnet";"Sempervivum x piliferum Jord., 1849";"Liste des espèces végétales protégées en région Rhône-Alpes";"Arrêté interministériel du 4 décembre 1990 relatif à la liste des espèces végétales protégées en région Rhône-Alpes complétant la liste nationale";"Article 2";"122517"
"";"Senecio halleri Dandy";"Séneçon de Haller";"Jacobaea uniflora (All.) Veldkamp, 2006";"Liste des espèces végétales protégées en région Rhône-Alpes";"Arrêté interministériel du 4 décembre 1990 relatif à la liste des espèces végétales protégées en région Rhône-Alpes complétant la liste nationale";"Article 1";"610645"
"";"Senecio helenitis (L.) Schinz & Thell. ssp. helenitis";"Séneçon helenitis";"Tephroseris helenitis (L.) B.Nord., 1978 subsp. helenitis";"Liste des espèces végétales protégées en région Rhône-Alpes";"Arrêté interministériel du 4 décembre 1990 relatif à la liste des espèces végétales protégées en région Rhône-Alpes complétant la liste nationale";"Article 1";"141543"
"";"Senecio helenitis (L.) Schinz & Thell. ssp. helenitis";"Séneçon helenitis";"Tephroseris helenitis (L.) B.Nord., 1978 var. helenitis";"Liste des espèces végétales protégées en région Rhône-Alpes";"Arrêté interministériel du 4 décembre 1990 relatif à la liste des espèces végétales protégées en région Rhône-Alpes complétant la liste nationale";"Article 1";"152082"
"";"Senecio helenitis (L.) Schinz & Thell. ssp. helenitis";"Séneçon helenitis";"Tephroseris helenitis var. arvernensis (Rouy) B.Bock, 2012";"Liste des espèces végétales protégées en région Rhône-Alpes";"Arrêté interministériel du 4 décembre 1990 relatif à la liste des espèces végétales protégées en région Rhône-Alpes complétant la liste nationale";"Article 1";"718787"
"";"Senecio helenitis (L.) Schinz & Thell. ssp. helenitis";"Séneçon helenitis";"Tephroseris helenitis var. discoidea (DC.) Kerguélen, 1987";"Liste des espèces végétales protégées en région Rhône-Alpes";"Arrêté interministériel du 4 décembre 1990 relatif à la liste des espèces végétales protégées en région Rhône-Alpes complétant la liste nationale";"Article 1";"152081"
"";"Senecio leucophyllus DC.";"Séneçon à feuilles blanchâtres";"Jacobaea leucophylla (DC.) Pelser, 2006";"Liste des espèces végétales protégées en région Rhône-Alpes";"Arrêté interministériel du 4 décembre 1990 relatif à la liste des espèces végétales protégées en région Rhône-Alpes complétant la liste nationale";"Article 1";"610647"
"";"Senecio paludosus L.";"Séneçon des marais";"Jacobaea paludosa subsp. angustifolia (Holub) B.Nord. & Greuter, 2006";"Liste des espèces végétales protégées en région Rhône-Alpes";"Arrêté interministériel du 4 décembre 1990 relatif à la liste des espèces végétales protégées en région Rhône-Alpes complétant la liste nationale";"Article 1";"718238"
"";"Senecio paludosus L.";"Séneçon des marais";"Jacobaea paludosa (L.) G.Gaertn., B.Mey. & Scherb., 1801";"Liste des espèces végétales protégées en région Rhône-Alpes";"Arrêté interministériel du 4 décembre 1990 relatif à la liste des espèces végétales protégées en région Rhône-Alpes complétant la liste nationale";"Article 1";"103995"
"";"Serapias lingua L.";"Serapias langue";"Serapias lingua L., 1753";"Liste des espèces végétales protégées en région Rhône-Alpes";"Arrêté interministériel du 4 décembre 1990 relatif à la liste des espèces végétales protégées en région Rhône-Alpes complétant la liste nationale";"Article 4";"122810"
"";"Seseli annuum L.";"Seseli annuel";"Seseli annuum L., 1753 subsp. annuum";"Liste des espèces végétales protégées en région Rhône-Alpes";"Arrêté interministériel du 4 décembre 1990 relatif à la liste des espèces végétales protégées en région Rhône-Alpes complétant la liste nationale";"Article 5";"141033"
"";"Seseli annuum L.";"Seseli annuel";"Seseli annuum subsp. carvifolium (Vill.) P.Fourn., 1937";"Liste des espèces végétales protégées en région Rhône-Alpes";"Arrêté interministériel du 4 décembre 1990 relatif à la liste des espèces végétales protégées en région Rhône-Alpes complétant la liste nationale";"Article 5";"611924"
"";"Seseli annuum L.";"Seseli annuel";"Seseli annuum L., 1753";"Liste des espèces végétales protégées en région Rhône-Alpes";"Arrêté interministériel du 4 décembre 1990 relatif à la liste des espèces végétales protégées en région Rhône-Alpes complétant la liste nationale";"Article 5";"122998"
"";"Sesleria ovata (Hoppe) A.  Kerner";"Seslérie ovale";"Sesleria ovata (Hoppe) A.Kern., 1881";"Liste des espèces végétales protégées en région Rhône-Alpes";"Arrêté interministériel du 4 décembre 1990 relatif à la liste des espèces végétales protégées en région Rhône-Alpes complétant la liste nationale";"Article 1";"123082"
"";"Silene brachypoda Rouy";"Silène à pied court";"Silene nutans L., 1753 subsp. nutans";"Liste des espèces végétales protégées en région Rhône-Alpes";"Arrêté interministériel du 4 décembre 1990 relatif à la liste des espèces végétales protégées en région Rhône-Alpes complétant la liste nationale";"Article 1";"141182"
"";"Silene otites (L.) Wibel";"Silène à petites fleurs";"Silene otites (L.) Wibel, 1799 subsp. otites";"Liste des espèces végétales protégées en région Rhône-Alpes";"Arrêté interministériel du 4 décembre 1990 relatif à la liste des espèces végétales protégées en région Rhône-Alpes complétant la liste nationale";"Article 5";"141184"
"";"Silene otites (L.) Wibel";"Silène à petites fleurs";"Silene otites subsp. colpophylla (Wrigley) J.-M.Tison, 2021";"Liste des espèces végétales protégées en région Rhône-Alpes";"Arrêté interministériel du 4 décembre 1990 relatif à la liste des espèces végétales protégées en région Rhône-Alpes complétant la liste nationale";"Article 5";"1000977"
"";"Silene otites (L.) Wibel";"Silène à petites fleurs";"Silene otites subsp. pseudotites (Besser ex Rchb.) Graebn., 1913";"Liste des espèces végétales protégées en région Rhône-Alpes";"Arrêté interministériel du 4 décembre 1990 relatif à la liste des espèces végétales protégées en région Rhône-Alpes complétant la liste nationale";"Article 5";"141185"
"";"Silene otites (L.) Wibel";"Silène à petites fleurs";"Silene otites (L.) Wibel, 1799";"Liste des espèces végétales protégées en région Rhône-Alpes";"Arrêté interministériel du 4 décembre 1990 relatif à la liste des espèces végétales protégées en région Rhône-Alpes complétant la liste nationale";"Article 5";"123577"
"";"Sisymbrella aspera (L.) Spach";"Sisymbrelle rude";"Sisymbrella aspera (L.) Spach, 1838 subsp. aspera";"Liste des espèces végétales protégées en région Rhône-Alpes";"Arrêté interministériel du 4 décembre 1990 relatif à la liste des espèces végétales protégées en région Rhône-Alpes complétant la liste nationale";"Article 1";"141230"
"";"Sisymbrella aspera (L.) Spach";"Sisymbrelle rude";"Sisymbrella aspera subsp. praeterita Heywood, 1964";"Liste des espèces végétales protégées en région Rhône-Alpes";"Arrêté interministériel du 4 décembre 1990 relatif à la liste des espèces végétales protégées en région Rhône-Alpes complétant la liste nationale";"Article 1";"141232"
"";"Sisymbrella aspera (L.) Spach";"Sisymbrelle rude";"Sisymbrella aspera (L.) Spach, 1838";"Liste des espèces végétales protégées en région Rhône-Alpes";"Arrêté interministériel du 4 décembre 1990 relatif à la liste des espèces végétales protégées en région Rhône-Alpes complétant la liste nationale";"Article 1";"123789"
"";"Sparganium emersum Rehmann";"Rubanier émergé";"Sparganium emersum Rehmann, 1871";"Liste des espèces végétales protégées en région Rhône-Alpes";"Arrêté interministériel du 4 décembre 1990 relatif à la liste des espèces végétales protégées en région Rhône-Alpes complétant la liste nationale";"Article 1";"124407"
"";"Sparganium minimum Wallr.";"Petit rubanier";"Sparganium natans L., 1753";"Liste des espèces végétales protégées en région Rhône-Alpes";"Arrêté interministériel du 4 décembre 1990 relatif à la liste des espèces végétales protégées en région Rhône-Alpes complétant la liste nationale";"Article 1";"124412"
"";"Spirodela polyrhiza (L.) Schleiden";"Spirodèle à plusieurs racines";"Spirodela polyrhiza (L.) Schleid., 1839";"Liste des espèces végétales protégées en région Rhône-Alpes";"Arrêté interministériel du 4 décembre 1990 relatif à la liste des espèces végétales protégées en région Rhône-Alpes complétant la liste nationale";"Article 5";"124707"
"";"Stachys alopecuros (L.) Bentham";"Epiaire queue de renard";"Betonica alopecuros L., 1753";"Liste des espèces végétales protégées en région Rhône-Alpes";"Arrêté interministériel du 4 décembre 1990 relatif à la liste des espèces végétales protégées en région Rhône-Alpes complétant la liste nationale";"Article 1";"620862"
"";"Stellaria palustris Retz";"Stellaire des marais";"Stellaria palustris Ehrh. ex Hoffm., 1791";"Liste des espèces végétales protégées en région Rhône-Alpes";"Arrêté interministériel du 4 décembre 1990 relatif à la liste des espèces végétales protégées en région Rhône-Alpes complétant la liste nationale";"Article 1";"125024"
"";"Stipa pennata L.";"Plumet";"Stipa pennata L., 1753 subsp. pennata";"Liste des espèces végétales protégées en région Rhône-Alpes";"Arrêté interministériel du 4 décembre 1990 relatif à la liste des espèces végétales protégées en région Rhône-Alpes complétant la liste nationale";"Article 2";"141484"
"";"Stipa pennata L.";"Plumet";"Stipa pennata L., 1753";"Liste des espèces végétales protégées en région Rhône-Alpes";"Arrêté interministériel du 4 décembre 1990 relatif à la liste des espèces végétales protégées en région Rhône-Alpes complétant la liste nationale";"Article 2";"125173"
"";"Stratiotes aloides L.";"Stratiotes faux aloe";"Stratiotes aloides L., 1753";"Liste des espèces végétales protégées en région Rhône-Alpes";"Arrêté interministériel du 4 décembre 1990 relatif à la liste des espèces végétales protégées en région Rhône-Alpes complétant la liste nationale";"Article 1";"125219"
"";"Swertia perennis L.";"Swertie vivace";"Swertia perennis L., 1753";"Liste des espèces végétales protégées en région Rhône-Alpes";"Arrêté interministériel du 4 décembre 1990 relatif à la liste des espèces végétales protégées en région Rhône-Alpes complétant la liste nationale";"Article 1";"125319"
"";"Teucrium pyrenaicum L.";"Germandrée des Pyrénées";"Teucrium pyrenaicum L., 1753";"Liste des espèces végétales protégées en région Rhône-Alpes";"Arrêté interministériel du 4 décembre 1990 relatif à la liste des espèces végétales protégées en région Rhône-Alpes complétant la liste nationale";"Article 1";"126027"
"";"Teucrium scordium L.";"Germandrée scordium";"Teucrium scordium L., 1753";"Liste des espèces végétales protégées en région Rhône-Alpes";"Arrêté interministériel du 4 décembre 1990 relatif à la liste des espèces végétales protégées en région Rhône-Alpes complétant la liste nationale";"Article 1";"126034"
"";"Thalictrum simplex L.";"Pigamon simple";"Thalictrum simplex L., 1767 subsp. simplex";"Liste des espèces végétales protégées en région Rhône-Alpes";"Arrêté interministériel du 4 décembre 1990 relatif à la liste des espèces végétales protégées en région Rhône-Alpes complétant la liste nationale";"Article 1";"141638"
"";"Thalictrum simplex L.";"Pigamon simple";"Thalictrum simplex subsp. galioides (DC.) Korsh., 1893";"Liste des espèces végétales protégées en région Rhône-Alpes";"Arrêté interministériel du 4 décembre 1990 relatif à la liste des espèces végétales protégées en région Rhône-Alpes complétant la liste nationale";"Article 1";"141636"
"";"Thalictrum simplex L.";"Pigamon simple";"Thalictrum simplex subsp. tenuifolium (Sw. ex Hartm.) Sterner, 1938";"Liste des espèces végétales protégées en région Rhône-Alpes";"Arrêté interministériel du 4 décembre 1990 relatif à la liste des espèces végétales protégées en région Rhône-Alpes complétant la liste nationale";"Article 1";"718422"
"";"Thalictrum simplex L.";"Pigamon simple";"Thalictrum simplex L., 1767";"Liste des espèces végétales protégées en région Rhône-Alpes";"Arrêté interministériel du 4 décembre 1990 relatif à la liste des espèces végétales protégées en région Rhône-Alpes complétant la liste nationale";"Article 1";"126213"
"";"Thelypteris palustris Schott";"Thélipteris des marais";"Thelypteris palustris Schott, 1834 var. palustris";"Liste des espèces végétales protégées en région Rhône-Alpes";"Arrêté interministériel du 4 décembre 1990 relatif à la liste des espèces végétales protégées en région Rhône-Alpes complétant la liste nationale";"Article 1";"970826"
"";"Thelypteris palustris Schott";"Thélipteris des marais";"Thelypteris palustris Schott, 1834";"Liste des espèces végétales protégées en région Rhône-Alpes";"Arrêté interministériel du 4 décembre 1990 relatif à la liste des espèces végétales protégées en région Rhône-Alpes complétant la liste nationale";"Article 1";"126276"
"";"Thesium linophyllon L.";"Thésium à feuilles de lin";"Thesium linophyllon L., 1753 subsp. linophyllon";"Liste des espèces végétales protégées en région Rhône-Alpes";"Arrêté interministériel du 4 décembre 1990 relatif à la liste des espèces végétales protégées en région Rhône-Alpes complétant la liste nationale";"Article 1";"718423"
"";"Thesium linophyllon L.";"Thésium à feuilles de lin";"Thesium linophyllon subsp. montanum (Ehrh. ex Hoffm.) Čelak., 1871";"Liste des espèces végétales protégées en région Rhône-Alpes";"Arrêté interministériel du 4 décembre 1990 relatif à la liste des espèces végétales protégées en région Rhône-Alpes complétant la liste nationale";"Article 1";"141648"
"";"Thesium linophyllon L.";"Thésium à feuilles de lin";"Thesium linophyllon L., 1753";"Liste des espèces végétales protégées en région Rhône-Alpes";"Arrêté interministériel du 4 décembre 1990 relatif à la liste des espèces végétales protégées en région Rhône-Alpes complétant la liste nationale";"Article 1";"126305"
"";"Trifolium retusum L.";"Trèfle à feuilles obtuses";"Trifolium retusum L., 1753";"Liste des espèces végétales protégées en région Rhône-Alpes";"Arrêté interministériel du 4 décembre 1990 relatif à la liste des espèces végétales protégées en région Rhône-Alpes complétant la liste nationale";"Article 1";"127458"
"";"Trifolium saxatile All.";"Trèfle des rochers";"Trifolium saxatile All., 1773";"Liste des espèces végétales protégées en région Rhône-Alpes";"Arrêté interministériel du 4 décembre 1990 relatif à la liste des espèces végétales protégées en région Rhône-Alpes complétant la liste nationale";"Article 1";"127469"
"";"Trochiscanthes nodiflora (Vill.) Koch";"Trochiscanthe nodiflore";"Trochiscanthes nodiflora (All.) W.D.J.Koch, 1824";"Liste des espèces végétales protégées en région Rhône-Alpes";"Arrêté interministériel du 4 décembre 1990 relatif à la liste des espèces végétales protégées en région Rhône-Alpes complétant la liste nationale";"Article 1";"127865"
"";"Typha minima Funck";"Petite massette";"Typha minima Funck, 1794";"Liste des espèces végétales protégées en région Rhône-Alpes";"Arrêté interministériel du 4 décembre 1990 relatif à la liste des espèces végétales protégées en région Rhône-Alpes complétant la liste nationale";"Article 1";"128084"
"";"Utricularia minor L.";"Petite utriculaire";"Utricularia minor L., 1753";"Liste des espèces végétales protégées en région Rhône-Alpes";"Arrêté interministériel du 4 décembre 1990 relatif à la liste des espèces végétales protégées en région Rhône-Alpes complétant la liste nationale";"Article 1";"128315"
"";"Utricularia vulgaris L.";"Utriculaire commune";"Utricularia vulgaris L., 1753";"Liste des espèces végétales protégées en région Rhône-Alpes";"Arrêté interministériel du 4 décembre 1990 relatif à la liste des espèces végétales protégées en région Rhône-Alpes complétant la liste nationale";"Article 1";"128322"
"";"Vaccinium microcarpum (Turcz. ex Rupr.) Schmalh.";"Airelle à petit fruit";"Vaccinium microcarpum (Turcz. ex Rupr.) Schmalh., 1871";"Liste des espèces végétales protégées en région Rhône-Alpes";"Arrêté interministériel du 4 décembre 1990 relatif à la liste des espèces végétales protégées en région Rhône-Alpes complétant la liste nationale";"Article 1";"128343"
"";"Vaccinium oxycoccos L.";"Canneberge";"Vaccinium oxycoccos L., 1753";"Liste des espèces végétales protégées en région Rhône-Alpes";"Arrêté interministériel du 4 décembre 1990 relatif à la liste des espèces végétales protégées en région Rhône-Alpes complétant la liste nationale";"Article 1";"128347"
"";"Valeriana saliunca All.";"Valériane des débris";"Valeriana saliunca All., 1785";"Liste des espèces végétales protégées en région Rhône-Alpes";"Arrêté interministériel du 4 décembre 1990 relatif à la liste des espèces végétales protégées en région Rhône-Alpes complétant la liste nationale";"Article 1";"128434"
"";"Vicia pisiformis L.";"Vesce à forme de pois";"Vicia pisiformis L., 1753";"Liste des espèces végétales protégées en région Rhône-Alpes";"Arrêté interministériel du 4 décembre 1990 relatif à la liste des espèces végétales protégées en région Rhône-Alpes complétant la liste nationale";"Article 1";"129275"
"";"Viola jordanii Hanry";"Violette de Jordan";"Viola jordanii Hanry, 1853";"Liste des espèces végétales protégées en région Rhône-Alpes";"Arrêté interministériel du 4 décembre 1990 relatif à la liste des espèces végétales protégées en région Rhône-Alpes complétant la liste nationale";"Article 1";"129596"
"";"Viola rupestris F.W. Schmidt";"Violettes des rochers";"Viola rupestris F.W.Schmidt, 1791";"Liste des espèces végétales protégées en région Rhône-Alpes";"Arrêté interministériel du 4 décembre 1990 relatif à la liste des espèces végétales protégées en région Rhône-Alpes complétant la liste nationale";"Article 2";"129674"
"";"Wahlenbergia hederacea (L.) Reichenb.";"Walhenbergia à feuilles de lierre";"Hesperocodon hederaceus (L.) Eddie & Cupido, 2014";"Liste des espèces végétales protégées en région Rhône-Alpes";"Arrêté interministériel du 4 décembre 1990 relatif à la liste des espèces végétales protégées en région Rhône-Alpes complétant la liste nationale";"Article 4";"997006"