"CD_NOM","NOM_VALIDE","LAVERGNE"
"79766","Acer negundo","4"
"79877","Achillea crithmifolia","4"
"80824","Ailanthus altissima","4"
"82080","Ambrosia artemisiifolia","5"
"82164","Amorpha fruticosa","4"
"83938","Artemisia annua","4"
"84057","Artemisia verlotiorum","4"
"85469","Azolla filiculoides","4"
"85957","Bidens frondosa","4"
"86869","Buddleja davidii","5"
"86975","Bunias orientalis","4"
"4419","Campylopus introflexus","5"
"93923","Cyperus eragrostis","4"
"NOMATCH","NOMATCH","4"
"96739","Erigeron annuus","4"
"857334","Sphaerotheca erigerontis-canadensis","4"
"96814","Erigeron sumatrensis","4"
"99260","Galega officinalis","4"
"101055","Helianthus tuberosus","4"
"101286","Heracleum mantegazzianum","4"
"103543","Impatiens balfourii","4"
"103547","Impatiens glandulifera","4"
"103557","Impatiens parviflora","4"
"105433","Lemna minuta","4"
"106252","Lindernia dubia","4"
"106742","Ludwigia grandiflora","5"
"106748","Ludwigia peploides","5"
"109141","Myriophyllum aquaticum","4"
"112111","Panicum capillare","4"
"112463","Parthenocissus inserta","4"
"117503","Reynoutria japonica","5"
"117507","Reynoutria x bohemica","5"
"117860","Robinia pseudoacacia","5"
"122630","Senecio inaequidens","4"
"124164","Solidago canadensis","4"
"124168","Solidago gigantea","5"
"NOMATCH","NOMATCH","5"
"125330","Symphyotrichum lanceolatum","5"
"448412","Symphyotrichum novi-belgii","5"
"125337","Symphyotrichum x salignum","5"
"128504","Vallisneria spiralis","4"
"NOMATCH","NOMATCH","27"
"129961","Vitis rupestris","27"
"129959","Vitis riparia","27"
,,"27"
"130484","Xanthium orientale","4"
"81992","Amaranthus hybridus","3"
"82018","Amaranthus retroflexus","3"
"86513","Bromopsis inermis","3"
"90192","Bromus catharticus","3"
"93129","Crepis sancta","3"
"93924","Cyperus esculentus","3"
"94489","Datura stramonium","3"
"95823","Egeria densa","3"
"95980","Elodea canadensis","3"
"97571","Euphorbia maculata","3"
"97623","Euphorbia prostrata","3"
"99359","Galinsoga quadriradiata","3"
"100330","Gleditsia triacanthos","3"
"159690","Glyceria striata","3"
"103545","Impatiens capensis","3"
"104353","Juncus tenuis","3"
"111881","Oxalis dillenii","3"
"111921","Oxalis fontana","3"
"112130","Panicum dichotomiflorum","3"
"112195","Panicum miliaceum","3"
"112483","Paspalum distichum","3"
"113418","Phytolacca americana","3"
"117505","Reynoutria sachalinensis","3"
"117723","Rhus typhina","3"
"124378","Sorghum halepense","3"
"124719","Sporobolus indicus","3"
,,"3"
"80086","Acorus calamus","2+"
"81955","Amaranthus albus","2+"
"81978","Amaranthus deflexus","2 et 2+"
"82093","Ambrosia trifida","2"
"84251","Asclepias syriaca","2 et 2+"
"85186","Aurinia saxatilis","2"
"85949","Bidens connata","2 et 2+"
"86167","Bothriochloa barbinodis","2 et 2+"
"86817","Broussonetia papyrifera","2"
"89452","Cedrus atlantica","2 et 2+"
"90111","Cerastium tomentosum","2"
"717136","Ceratochloa sitchensis","2"
"90234","Cercis siliquastrum","2"
"92222","Commelina communis","2"
"159937","Cornus sericea","2+"
"92572","Cortaderia selloana","2 et 2+"
"92649","Cotoneaster dammeri","2+"
"92663","Cotoneaster horizontalis","2+"
"92793","Crassula helmsii","2 et 2+"
"93020","Crepis bursifolia","2 et 2+"
"93613","Cuscuta campestris","2 et 2+"
"94168","Cytisus striatus","2 et 2+"
"611753","Dysphania ambrosioides","2 et 2+"
"95679","Echinochloa muricata","2 et 2+"
"454932","Eichhornia crassipes","2+"
"95831","Elaeagnus angustifolia","2+"
"95965","Eleusine indica","2 et 2+"
"95975","Eleusine tristachya","2"
"96149","Epilobium ciliatum","2 et 2+"
"96585","Eragrostis cilianensis","2 et 2+"
"96624","Eragrostis pectinacea","2 et 2+"
"96644","Eragrostis virescens","2 et 2+"
"611690","Erigeron floribundus","2+"
"96775","Erigeron karvinskianus","2"
"717180","Erythranthe guttata","2 et 2+"
"97346","Eschscholzia californica","2+"
"97594","Euphorbia nutans","2"
"97666","Euphorbia serpens","2 et 2+"
"97961","Fallopia baldschuanica","2 et 2+"
,,"2+"
"101237","Hemerocallis fulva","2"
"103139","Hydrocotyle ranunculoides","2 et 2+"
"104074","Juglans nigra","2"
"104805","Lagarosiphon major","2+"
"105017","Lapsana communis","2 et 2+"
"105615","Lepidium didymum","2+"
"105689","Lepidium virginicum","2"
"105960","Ligustrum lucidum","2 et 2+"
"106571","Lonicera japonica","2 et 2+"
"106754","Lunaria annua","2+"
,,"2 et 2+"
"106965","Lycium barbarum","2 et 2+"
"107446","Matricaria discoidea","2+"
"108628","Mirabilis jalapa","2+"
"108642","Miscanthus sinensis","2+"
"108810","Morus alba","2"
"109911","Oenothera biennis","2"
"109926","Oenothera glazioviana","2"
"109949","Oenothera parviflora","2"
"109954","Oenothera pycnocarpa","2"
"109974","Oenothera villosa","2"
"109980","Oenothera x fallax","2"
"110762","Opuntia humifusa","2"
"4872","Orthodontium lineare","2"
"111863","Oxalis articulata","2+"
"112100","Panicum barbipulvinatum","2 et 2+"
"112467","Parthenocissus tricuspidata","2+"
"112482","Paspalum dilatatum","2 et 2+"
"112712","Periploca graeca","2+"
"112790","Petasites pyrenaicus","2"
"114024","Platanus x hispanica","2 et 2+"
"115527","Potentilla indica","2 et 2+"
"116089","Prunus laurocerasus","2 et 2+"
"116137","Prunus serotina","2 et 2+"
"116485","Pyracantha coccinea","2 et 2+"
"116762","Quercus rubra","2"
"117937","Rorippa austriaca","2"
"118477","Rosa rugosa","2+"
"119474","Rumex cristatus","2"
"119558","Rumex patientia","2 et 2+"
"119595","Rumex thyrsiflorus","2"
"119854","Sagittaria latifolia","2+"
"124025","Solanum chenopodioides","2+"
"NOMATCH","NOMATCH","2"
"124635","Spiraea douglasii","2"
"124668","Spiraea salicifolia","2"
"124646","Spiraea japonica","2+"
"124730","Sporobolus vaginiflorus","2+"
"NOMATCH","NOMATCH","2"
"125331","Symphyotrichum novae-angliae","2+"
"448413","Symphyotrichum subulatum","2 et 2+"
"128748","Verbena bonariensis","2"
"128863","Veronica filiformis","2 et 2+"
"128954","Veronica peregrina","2 et 2+"
"129468","Vinca major","2"
"130491","Xanthium spinosum","2+"
"79325","Abies cephalonica","1"
"79323","Abies bornmuelleriana","1"
"79345","Abies nordmanniana","1"
"79349","Abies pinsapo","1"
"79684","Abutilon theophrasti","1"
"79788","Acer saccharinum","1"
"79890","Achillea filipendulina","1"
"80304","Aegilops ventricosa","1"
"80334","Aesculus hippocastanum","1"
"80923","Aira tenorei","1"
"81023","Alcea rosea","1"
"81445","Allium neapolitanum","1"
"81567","Alnus cordata","1"
"81971","Amaranthus caudatus","1"
"81976","Amaranthus cruentus","1"
"81991","Amaranthus graecizans","1"
"82033","Amaranthus viridis","1"
"82353","Anaphalis margaritacea","1"
"82390","Anchusa ochroleuca","1"
"82391","Anchusa officinalis","1"
"82692","Anethum graveolens","1"
"82856","Anthemis maritima","1"
"82932","Anthriscus cerefolium","1"
"83058","Antirrhinum majus","1"
"83299","Arabis caucasica","1"
"83866","Armoracia rusticana","1"
"84279","Asparagus officinalis","1"
"85075","Atriplex hortensis","1"
"85114","Atriplex rosea","1"
"85170","Aubrieta deltoidea","1"
"85378","Avena strigosa","1"
"85531","Barbarea bracteosa","1"
"85631","Bassia scoparia","1"
"85779","Bergenia crassifolia","1"
"85981","Bidens subalternans","1"
"86156","Borago officinalis","1"
"86383","Brassica juncea","1"
"86399","Brassica napus","1"
"86406","Brassica oleracea","1"
"87051","Bupleurum fruticosum","1"
"87429","Calendula officinalis","1"
"87464","Callistephus chinensis","1"
"87583","Camelina sativa","1"
"87602","Campanula alliariifolia","1"
"87616","Campanula carpatica","1"
"87696","Campanula portenschlagiana","1"
"87788","Cannabis sativa","1"
"88956","Carex vulpinoidea","1"
"89323","Catalpa bignonioides","1"
"89455","Cedrus libani","1"
"89888","Centranthus ruber","1"
"90231","Ceratostigma plumbaginoides","1"
"90307","Chaenomeles japonica","1"
"91136","Cicer arietinum","1"
"91887","Clematis viticella","1"
"92449","Coreopsis lanceolata","1"
"92465","Coriandrum sativum","1"
"92521","Coronilla glauca","1"
"92525","Coronilla juncea","1"
"92623","Cosmos bipinnatus","1"
"92658","Cotoneaster franchetii","1"
"92704","Cotoneaster salicifolius","1"
"92824","Crataegus azarolus","1"
"93535","Cucumis melo","1"
"93539","Cucumis sativus","1"
"93550","Cucurbita maxima","1"
"93555","Cucurbita pepo","1"
"93570","Cupressus arizonica","1"
"93590","Cupressus sempervirens","1"
"93699","Cyclamen hederifolium","1"
"93734","Cydonia oblonga","1"
"160113","Danae racemosa","1"
"94473","Dasypyrum villosum","1"
"94481","Datura innoxia","1"
"94698","Dianthus barbatus","1"
"94717","Dianthus caryophyllus","1"
"1003150","Diospyros kaki","1"
"95151","Dipsacus laciniatus","1"
"95187","Dittrichia viscosa","1"
"95425","Dracunculus vulgaris","1"
"95662","Ecballium elaterium","1"
"95669","Echinochloa colona","1"
"95700","Echinops exaltatus","1"
"95954","Eleusine africana","1"
"96580","Eragrostis barrelieri","1"
"96648","Eranthis hyemalis","1"
"96836","Eriobotrya japonica","1"
"96925","Erodium moschatum","1"
"97041","Eruca sativa","1"
"97185","Erysimum cheiri","1"
"97527","Euphorbia glyptosperma","1"
"97543","Euphorbia humifusa","1"
"97556","Euphorbia lathyris","1"
"97935","Fagopyrum esculentum","1"
"98784","Forsythia x intermedia","1"
"98870","Fragaria x ananassa","1"
"99261","Galega orientalis","1"
"99358","Galinsoga parviflora","1"
"99694","Gaultheria procumbens","1"
"100059","Geranium endressii","1"
"100128","Geranium pratense","1"
,,"1"
"100258","Ginkgo biloba","1"
"100427","Glycyrrhiza glabra","1"
"100596","Guizotia abyssinica","1"
"100678","Gypsophila paniculata","1"
"100788","Hedera hibernica","1"
"101027","Helianthus annuus","1"
"101202","Helleborus viridis","1"
"101460","Hesperis matronalis","1"
"101544","Hibiscus syriacus","1"
"102876","Hirschfeldia incana","1"
"718237","Hordeum distichon","1"
"102964","Hordeum jubatum","1"
"103055","Hyacinthoides hispanica","1"
"103057","Hyacinthoides non-scripta","1"
"611165","Hyacinthoides x massartiana","1"
"103081","Hyacinthus orientalis","1"
"103108","Hydrangea macrophylla","1"
"103254","Hypericum calycinum","1"
"103502","Iberis umbellata","1"
"103562","Imperata cylindrica","1"
"103627","Inula helenium","1"
"521639","Ipomoea purpurea","1"
"103737","Iris germanica","1"
"103763","Iris pallida","1"
"103791","Iris unguicularis","1"
"103857","Isolepis cernua","1"
"104039","Jasminum nudiflorum","1"
"104076","Juglans regia","1"
"104422","Juniperus virginiana","1"
"104493","Kerria japonica","1"
"923647","Cercospora lactucae-sativae","1"
"104841","Lagurus ovatus","1"
"105256","Lathyrus sativus","1"
"105612","Lepidium densiflorum","1"
"105673","Lepidium sativum","1"
"105764","Leucanthemella serotina","1"
"105963","Ligustrum ovalifolium","1"
"106349","Linum usitatissimum","1"
"106365","Liriodendron tulipifera","1"
"106439","Lobularia maritima","1"
"106556","Lonicera caprifolium","1"
"998125","Lonicera nitida","1"
"106588","Lonicera tatarica","1"
"106765","Lupinus albus","1"
"106966","Lycium chinense","1"
"106969","Lycium europaeum","1"
"107077","Lysimachia punctata","1"
"107130","Maclura pomifera","1"
"107141","Magnolia grandiflora","1"
"107207","Malus pumila","1"
"107647","Medicago littoralis","1"
"107711","Medicago sativa","1"
"107992","Melissa officinalis","1"
"108166","Mentha spicata","1"
,,"1"
,,"1"
"108805","Moricandia arvensis","1"
"108822","Morus nigra","1"
"109104","Myosotis sylvatica","1"
"161809","Nassella tenuissima","1"
"109516","Nepeta cataria","1"
"109584","Nerium oleander","1"
"NOMATCH","NOMATCH","1"
"109614","Nicotiana tabacum","1"
"109631","Nigella hispanica","1"
"109689","Nonea erecta","1"
"109942","Oenothera nuda","1"
"160398","Oenothera speciosa","1"
"109969","Oenothera suaveolens","1"
"109971","Oenothera subterminalis","1"
"110002","Olea europaea","1"
"110072","Omphalodes verna","1"
"110758","Opuntia ficus-indica","1"
"NOMATCH","NOMATCH","1"
"111876","Oxalis corniculata","1"
"111910","Oxalis pes-caprae","1"
"111913","Oxalis purpurea","1"
"112560","Paulownia tomentosa","1"
"112669","Pentaglottis sempervirens","1"
"112821","Petroselinum crispum","1"
"112915","Phacelia tanacetifolia","1"
"112988","Phalaris canariensis","1"
"610868","Phedimus spurius","1"
"113134","Philadelphus coronarius","1"
"113247","Phlox paniculata","1"
"113321","Physalis alkekengi","1"
"113329","Physalis peruviana","1"
"161577","Physalis philadelphica","1"
"113444","Picea sitchensis","1"
"113513","Pilosella caespitosa","1"
"113682","Pinus mugo","1"
"113689","Pinus pinaster","1"
"113690","Pinus pinea","1"
"113702","Pinus strobus","1"
"114037","Platycladus orientalis","1"
"112750","Persicaria orientalis","1"
"115025","Polypogon maritimus","1"
"115096","Pontederia cordata","1"
"115122","Populus deltoides","1"
"115145","Populus nigra","1"
"115157","Populus trichocarpa","1"
"115575","Potentilla norvegica","1"
"116041","Prunus armeniaca","1"
"116053","Prunus cerasifera","1"
"116054","Prunus cerasus","1"
"116067","Prunus domestica","1"
"116068","Prunus dulcis","1"
"116093","Prunus lusitanica","1"
"116112","Prunus persica","1"
"116155","Prunus virginiana","1"
"116197","Pseudofumaria alba","1"
"116198","Pseudofumaria lutea","1"
"116216","Pseudotsuga menziesii","1"
"447462","Punica granatum","1"
"116670","Quercus cerris","1"
"116740","Quercus palustris","1"
"117355","Raphanus sativus","1"
"117766","Ribes nigrum","1"
"118353","Rosa multiflora","1"
"118920","Rubia tinctorum","1"
"119171","Rubus laciniatus","1"
"119406","Rudbeckia hirta","1"
"119710","Ruta chalepensis","1"
"119716","Ruta graveolens","1"
"119954","Salix babylonica","1"
"120678","Salvia officinalis","1"
"120691","Salvia sclarea","1"
"120703","Salvia verticillata","1"
"120875","Sarracenia purpurea","1"
"120901","Satureja hortensis","1"
"121380","Scabiosa ochroleuca","1"
"121550","Schoenoplectus litoralis","1"
"717535","Scirpus pendulus","1"
"122060","Scrophularia vernalis","1"
"122064","Scutellaria altissima","1"
"122085","Secale cereale","1"
"122248","Sedum sarmentosum","1"
"122723","Senecio squalidus","1"
"122785","Sequoia sempervirens","1"
"123102","Setaria adhaerens","1"
"106910","Silene coronaria","1"
"123711","Sinapis alba","1"
"123799","Sisymbrium altissimum","1"
"123926","Sisyrinchium angustifolium","1"
"123933","Sisyrinchium montanum","1"
"124089","Solanum physalifolium","1"
"124093","Solanum pseudocapsicum","1"
"124125","Solanum tuberosum","1"
"124369","Sorghum bicolor","1"
"124619","Spiraea alba","1"
"124629","Spiraea chamaedryfolia","1"
"124725","Sporobolus neglectus","1"
"124845","Staphylea pinnata","1"
"125123","Sternbergia lutea","1"
"448412","Symphyotrichum novi-belgii","5"
"125341","Symphytum asperum","1"
"125369","Symphytum x uplandicum","3"
"125391","Syringa vulgaris","1"
"125405","Tagetes patula","1"
"125426","Tamarix gallica","1"
"125459","Tanacetum cinerariifolium","1"
"125811","Taxodium distichum","1"
"125838","Telekia speciosa","1"
"126449","Thuja occidentalis","1"
"865630","Aureobasidium thujae-plicatae","1"
"126662","Tilia tomentosa","1"
"127337","Trifolium hybridum","1"
"127692","Triticum aestivum","1"
"141978","Triticum durum","1"
"127827","Triticum turgidum","1"
"127925","Tulipa clusiana","1"
"128907","Veronica longifolia","1"
"128956","Veronica persica","1"
"129124","Vicia benghalensis","1"
"NOMATCH","NOMATCH","1"
"129875","Viola x wittrockiana","1"
"129925","Vitis berlandieri","1"
"NOMATCH","NOMATCH","4"
"129951","Vitis labrusca","1"
"129968","Vitis vinifera","1"
"130005","Vulpia fasciculata","1"
"130118","Wisteria sinensis","1"
"130581","Yucca filamentosa","1"
"109926","Oenothera glazioviana","2"
,,"5"
"NOMATCH","NOMATCH","4"
"612391","Anethum graveolens subsp. graveolens L., 1753","1"
"612611","Petroselinum crispum subsp. crispum (Mill.) Fuss, 1866","1"
"612612","Petroselinum crispum subsp. tuberosum (Schübl. & G.Martens) Soó, 1973","1"
"143625","Anthriscus cerefolium var. cerefolium (L.) Hoffm., 1814","1"
"143627","Anthriscus cerefolium var. trichocarpa Neilr., 1866","1"
"131756","Asparagus officinalis subsp. officinalis L., 1753","1"
"131757","Asparagus officinalis subsp. prostratus (Dumort.) Corb., 1894","1"
"981861","Hyacinthus orientalis subsp. orientalis L., 1753","1"
"153377","Iris germanica 'Florentina' ","1"
"718365","Iris pallida subsp. pallida Lam., 1789","1"
"989054","Sisyrinchium montanum var. montanum Greene, 1899","1"
"131434","Anthemis maritima subsp. maritima L., 1753","1"
"612575","Symphyotrichum novi-belgii var. novi-belgii (L.) G.L.Nesom, 1995","5"
"612575","Symphyotrichum novi-belgii var. novi-belgii (L.) G.L.Nesom, 1995","5"
"613531","Helianthus annuus var. annuus L., 1753","1"
"613530","Helianthus annuus var. macrocarpus (DC.) Cockerell, 1915","1"
"718765","Rudbeckia hirta var. hirta L., 1753","1"
"718766","Rudbeckia hirta var. pulcherrima Farw., 1904","1"
"612631","Xanthium orientale subsp. orientale L., 1763","4"
"612629","Xanthium orientale subsp. italicum (Moretti) Greuter, 2003","4"
"612630","Xanthium orientale subsp. riparium (Čelak.) Greuter, 2003","4"
"718297","Xanthium orientale subsp. saccharatum (Wallr.) B.Bock, 2012","4"
"133920","Dittrichia viscosa subsp. viscosa (L.) Greuter, 1973","1"
"612573","Senecio squalidus subsp. squalidus L., 1753","1"
"612572","Senecio squalidus subsp. rupestris (Waldst. & Kit.) Greuter, 2005","1"
"137096","Lapsana communis subsp. communis L., 1753","2 et 2+"
"137097","Lapsana communis subsp. intermedia (M.Bieb.) Hayek, 1931","2 et 2+"
"131970","Aurinia saxatilis subsp. saxatilis (L.) Desv., 1815","2"
"132199","Brassica napus var. napus L., 1753","1"
"144382","Brassica napus var. napobrassica (L.) Rchb., 1833","1"
"132211","Brassica oleracea subsp. oleracea L., 1753","1"
"932472","Brassica oleracea subsp. acephala (DC.) Metzg., 1833","1"
"612322","Brassica oleracea subsp. botrytis (L.) Duchesne, 1833","1"
"132205","Brassica oleracea subsp. capitata (L.) Schübl. & G.Martens, 1834","1"
"718317","Brassica oleracea subsp. fruticosa Metzg., 1833","1"
"613143","Camelina sativa var. sativa (L.) Crantz, 1762","1"
"613479","Camelina sativa var. pilosa DC., 1824","1"
"135335","Hesperis matronalis subsp. matronalis L., 1753","1"
"135333","Hesperis matronalis subsp. inodora (L.) P.Fourn., 1936","1"
"135338","Hesperis matronalis subsp. nivea (Baumg.) E.P.Perrier, 1917","1"
"135341","Hesperis matronalis subsp. voronovii (N.Busch) P.W.Ball, 1963","1"
"137395","Lobularia maritima subsp. maritima (L.) Desv., 1815","1"
"613587","Raphanus sativus var. sativus L., 1753","1"
"613588","Raphanus sativus var. niger (Mill.) J.Kern., 1789","1"
"613589","Raphanus sativus var. oleiformis Pers., 1806","1"
"131291","Amaranthus graecizans subsp. graecizans L., 1753","1"
"131292","Amaranthus graecizans subsp. silvestris (Vill.) Brenan, 1961","1"
"144251","Bassia scoparia var. scoparia (L.) Voss, 1903","1"
"613467","Bassia scoparia var. culta Voss, 1903","1"
"133817","Dianthus barbatus subsp. barbatus L., 1753","1"
"150567","Reynoutria japonica var. japonica Houtt., 1777","5"
"150565","Reynoutria japonica var. compacta (Hook.f.) Moldenke, 1941","5"
"140381","Rumex patientia subsp. patientia L., 1753","2 et 2+"
"140380","Rumex patientia subsp. orientalis Danser, 1924","2 et 2+"
"133550","Cucumis melo subsp. melo L., 1753","1"
"823900","Cucumis melo subsp. agrestis (Naudin) Pangalo, 1933","1"
"133994","Ecballium elaterium var. elaterium (L.) A.Rich., 1824","1"
"133061","Centranthus ruber subsp. ruber (L.) DC., 1805","1"
"762180","Sarracenia purpurea subsp. purpurea L., 1753","1"
"133648","Cytisus striatus subsp. striatus (Hill) Rothm., 1944","2 et 2+"
"137471","Lupinus albus subsp. albus L., 1753","1"
"137673","Medicago sativa subsp. sativa L., 1753","1"
"137671","Medicago sativa nothosubsp. media (Pers.) Schübl. & G.Martens, 1834","1"
"137666","Medicago sativa subsp. falcata (L.) Arcang., 1882","1"
"137672","Medicago sativa subsp. glomerata x Medicago sativa subsp. sativa L., 1753","1"
"137668","Medicago sativa subsp. glomerata (Balb.) Rouy, 1899","1"
"141860","Trifolium hybridum var. hybridum L., 1753","1"
"620954","Trifolium hybridum var. elegans (Savi) Boiss., 1872","1"
"131228","Alnus cordata subsp. cordata (Loisel.) Duby, 1828","1"
"997895","Alnus cordata subsp. neapolitana (Savi) J.M.Tison, 2021","1"
"142264","Vinca major subsp. major L., 1753","2"
"137741","Melissa officinalis subsp. officinalis L., 1753","1"
"137740","Melissa officinalis subsp. altissima (Sm.) Arcang., 1894","1"
"140519","Salvia officinalis subsp. officinalis L., 1753","1"
"718283","Salvia officinalis subsp. gallica (W.Lippert) Reales, D.Rivera & Obón, 2004","1"
"718284","Salvia officinalis subsp. lavandulifolia (Vahl) Gams, 1927","1"
"140536","Salvia verticillata subsp. verticillata L., 1753","1"
"982235","Ligustrum ovalifolium var. ovalifolium Hassk., 1844","1"
"159745","Olea europaea subsp. europaea L., 1753","1"
"984301","Paulownia tomentosa var. tomentosa (Thunb.) Steud., 1841","1"
"984302","Paulownia tomentosa var. tsinlingensis (Pai) T.Gong, 1976","1"
"718646","Antirrhinum majus var. majus L., 1753","1"
"1020882","Antirrhinum majus var. pseudomajus (Rouy) Rouy, 1909","1"
"718647","Antirrhinum majus var. striatum (DC.) Rothm., 1956","1"
"146587","Euphorbia serpens var. serpens Kunth, 1817","2 et 2+"
"146586","Euphorbia serpens var. fissistipula Thell., 1907","2 et 2+"
"612510","Linum usitatissimum subsp. usitatissimum L., 1753","1"
"137388","Linum usitatissimum subsp. angustifolium (Huds.) Thell., 1912","1"
"139173","Populus nigra subsp. nigra L., 1753","1"
"139169","Populus nigra subsp. betulifolia (Pursh) W.Wettst., 1952","1"
"139172","Populus nigra subsp. neapolitana (Ten.) Maire, 1932","1"
"612513","Ludwigia grandiflora subsp. hexapetala (Hook. & Arn.) G.L.Nesom & Kartesz, 2000","5"
"448692","Ludwigia peploides subsp. peploides (Kunth) P.H.Raven, 1964","5"
"612514","Ludwigia peploides subsp. montevidensis (Spreng.) P.H.Raven, 1964","5"
"612522","Oenothera villosa subsp. villosa Thunb., 1794","2"
"455754","Oxalis corniculata subsp. corniculata L., 1753","1"
"138497","Oxalis corniculata subsp. purpurea (Parl.) Arcang., 1882","1"
"1039437","Taxodium distichum var. distichum (L.) Rich., 1810","1"
"621335","Taxodium distichum var. imbricarium (Nutt.) Croom, 1837","1"
"162475","Pseudotsuga menziesii var. menziesii (Mirb.) Franco, 1950","1"
"162474","Pseudotsuga menziesii var. glauca (Beissn.) Franco, 1950","1"
"145855","Cyperus esculentus var. esculentus L., 1753","3"
"145856","Cyperus esculentus var. heermannii (Buckley) Britton, 1886","3"
"145857","Cyperus esculentus var. leptostachyus Boeckeler, 1870","3"
"145858","Cyperus esculentus var. macrostachyus Boeckeler, 1870","3"
"145859","Cyperus esculentus var. sativus Boeckeler, 1870","3"
"718240","Juncus tenuis subsp. anthelatus (Wiegand) Verloove & Lambinon, 2011","3"
"718241","Juncus tenuis subsp. dichotomus (Elliott) Verloove & Lambinon, 2011","3"
"136961","Juncus tenuis subsp. dudleyi (Wiegand) P.Fourn., 1935","3"
"612142","Juncus tenuis subsp. tenuis Willd., 1799","3"
"923233","Eragrostis barrelieri subsp. barrelieri Daveau, 1894","1"
"162008","Eragrostis virescens subsp. virescens J.Presl, 1830","2 et 2+"
"146306","Echinochloa muricata var. muricata (P.Beauv.) Fernald, 1915","2 et 2+"
"146305","Echinochloa muricata var. microstachya Wiegand, 1921","2 et 2+"
"1031429","Panicum dichotomiflorum subsp. dichotomiflorum Michx., 1803","3"
"138542","Panicum miliaceum subsp. miliaceum L., 1753","3"
"138541","Panicum miliaceum subsp. agricola Scholz & Mikoláš, 1991","3"
"138543","Panicum miliaceum subsp. ruderale (Kitag.) Tzvelev, 1968","3"
"151624","Setaria adhaerens var. adhaerens (Forssk.) Chiov., 1919","1"
"151626","Setaria adhaerens var. font-queri Calduch, 1968","1"
"718319","Bromopsis inermis subsp. inermis (Leyss.) Holub, 1973","3"
"160941","Glyceria striata subsp. striata (Lam.) Hitchc., 1928","3"
"718357","Glyceria striata subsp. difformis Portal, 2014","3"
"718370","Lagurus ovatus subsp. ovatus L., 1753","1"
"718409","Secale cereale subsp. cereale L., 1753","1"
"718429","Triticum aestivum subsp. aestivum L., 1753","1"
"620964","Triticum aestivum subsp. compactum (Host) Mackey, 1954","1"
"141957","Triticum aestivum subsp. spelta (L.) Thell., 1912","1"
"718431","Triticum turgidum subsp. turgidum L., 1753","1"
"621236","Triticum turgidum subsp. dicoccon (Schrank) Thell., 1918","1"
"141978","Triticum turgidum subsp. durum (Desf.) Husn., 1899","1"
"620966","Triticum turgidum subsp. polonicum (L.) Thell., 1918","1"
"139458","Pseudo-fumaria alba subsp. alba (Mill.) Lidén, 1986","1"
"612438","Clematis viticella subsp. viticella L., 1753","1"
"718219","Clematis viticella subsp. campaniflora (Brot.) Kuntze, 1885","1"
"718723","Nigella hispanica var. hispanica L., 1753","1"
"718724","Nigella hispanica var. intermedia Coss., 1849","1"
"1018850","Nigella hispanica var. papillosa (G.López) J.-M.Tison, 2021","1"
"960750","Cannabis sativa subsp. sativa L., 1753","1"
"132533","Cannabis sativa subsp. indica (Lam.) E.Small & Cronquist, 1976","1"
"613807","Prunus cerasifera f. cerasifera Ehrh., 1784","1"
"613805","Prunus cerasifera f. atropurpurea Diffel, 1893","1"
"613806","Prunus cerasifera f. spaethiana Wood ex Späth","1"
"150266","Prunus cerasus var. cerasus L., 1753","1"
"150261","Prunus cerasus var. acida (Ehrh.) Willd., 1796","1"
"150265","Prunus cerasus var. caproniana L., 1753","1"
"965168","Prunus domestica var. domestica L., 1753","1"
"965160","Prunus domestica var. insititia (L.) Fiori & Paol., 1898","1"
"613583","Prunus laurocerasus var. laurocerasus L., 1753","2 et 2+"
"613581","Prunus laurocerasus var. caucasica (Kirchn.) Jaeger","2 et 2+"
"613582","Prunus laurocerasus var. schipkaensis Späth ex H.L.Späth","2 et 2+"
"139441","Prunus lusitanica subsp. lusitanica L., 1753","1"
"145725","Crataegus azarolus var. azarolus L., 1753","1"
"145726","Crataegus azarolus var. chlorocarpa (Moris) K.I.Chr., 1992","1"
"989151","Spiraea alba var. alba Du Roi, 1772","1"
"989150","Spiraea alba var. latifolia (Aiton) Dippel, 1893","1"
"989148","Spiraea douglasii var. douglasii Hook., 1832","2"
"989141","Spiraea douglasii var. menziesii (Hook.) C.Presl, 1851","2"
"130708","Acer negundo subsp. negundo L., 1753","4"
"985734","Phedimus spurius subsp. spurius (M.Bieb) 't Hart, 1995","1"
"985735","Phedimus spurius subsp. oppositifolius (Sims) L.Gallo, 2020","1"
"149441","Physalis alkekengi var. alkekengi L., 1753","1"
"149442","Physalis alkekengi var. franchetii (Mast.) Makino, 1908","1"
"142452","Vitis vinifera subsp. vinifera L., 1753","1"
"142451","Vitis vinifera subsp. sylvestris (C.C.Gmel.) Hegi, 1925","1"
"613662","Brassica oleracea var. gongylodes L., 1753","1"
"932474","Brassica oleracea var. medullosa Thell, 1918","1"
"144393","Brassica oleracea var. sabellica L., 1753","1"
"144394","Brassica oleracea var. viridis L., 1753","1"
"446631","Brassica oleracea var. botrytis L., 1753","1"
"613661","Brassica oleracea var. italica Plenck, 1794","1"
"144384","Brassica oleracea var. capitata L., 1753","1"
"144392","Brassica oleracea var. sabauda L., 1753","1"
"718656","Brassica oleracea var. fruticosa Metzg., 1833","1"
"446633","Brassica oleracea var. gemmifera DC., 1821","1"
"932466","Brassica oleracea var. ramosa DC., 1821","1"
"630998","Cucumis melo var. dudaim (L.) Naudin, 1859","1"
"149994","Populus nigra var. nigra L., 1753","1"
"149992","Populus nigra var. italica Du Roi, 1772","1"
